id,name,address,postcode,ward_code,ward_name,la_code,la_name,lon,lat
4386,Elton Centre,"David Street, Bury",BL8 1SA,E05000673,Elton,E08000002,Bury,-2.316675,53.599001
4423,Mosses Centre,"(Rear of), Cecil Street, Bury",BL9 0SB,E05000672,East,E08000002,Bury,-2.291682,53.590166
4511,Mobile on car park of Blue Bell Hotel,"840 Manchester Road, Bury",BL9 9TP,E05000686,Unsworth,E08000002,Bury,-2.290322,53.56393
4512,Mobile on car park at rear of Cross Keys Hotel,"24 Lilyhill Street, Whitefield",M45 7GZ,E05000677,Pilkington Park,E08000002,Bury,-2.298261,53.5547
4529,Whitefield CP School,"Victoria Avenue, Whitefield",M45 6DP,E05000670,Besses,E08000002,Bury,-2.285499,53.546965
4570,The Croft at St Hildas Church,"Whittaker Lane, Prestwich, Manchester",M25 1HA,E05000684,Sedgley,E08000002,Bury,-2.268138,53.529514
4547,Heaton Park CP School,"Early Years Centre, Cuckoo Lane, Whitefield",M45 6TE,E05000674,Holyrood,E08000002,Bury,-2.2789,53.53952
4508,St Philips Community Centre,"Higher Dean Street, Radcliffe",M26 3TE,E05000680,Radcliffe West,E08000002,Bury,-2.343652,53.562425
4534,Mobile Van on Corner Of,"Heywood Old Road, And Baguley Crescent, Rhodes, Middleton",M24 4QT,E05000674,Holyrood,E08000002,Bury,-2.237747,53.541335
4501,Nursery Building St Johns CEP School,"Johnson Street, Radcliffe",M26 1AW,E05000680,Radcliffe West,E08000002,Bury,-2.324705,53.554799
4373,Affetside Congregational Chapel,"Watling Street, Affetside, Tottington",BL8 3QW,E05000685,Tottington,E08000002,Bury,-2.372261,53.619278
4517,Mobile on car park of Goats Gate Inn,"83 Radcliffe New Road, Whitefield",M45 7QZ,E05000677,Pilkington Park,E08000002,Bury,-2.300593,53.554009
4505,Radcliffe United Reformed Church,"Blackburn Street, Radcliffe, Manchester",M26 3WQ,E05000680,Radcliffe West,E08000002,Bury,-2.328126,53.561828
4327,Main Hall Peel Brow School,"Fir Street, Ramsbottom",BL0 0BJ,E05000681,Ramsbottom,E08000002,Bury,-2.309206,53.647925
4483,St Mary`s RC Infant School,"Belgrave Street, Radcliffe",M26 4DG,E05000678,Radcliffe East,E08000002,Bury,-2.331939,53.566592
4404,Nursery Unit,"St John with St Mark CE Primary School, Athlone Avenue, Bury",BL9 5EE,E05000675,Moorside,E08000002,Bury,-2.294856,53.603398
4416,St Thomas Church,"Rochdale Road, Bury",BL9 7BY,E05000672,East,E08000002,Bury,-2.281258,53.592447
4451,Parkhills Community Centre,"Horne Street Entrance, Off Parkhills Road, Bury",BL9 9BW,E05000682,Redvales,E08000002,Bury,-2.296434,53.584869
4350,Greenmount Old School,"Brandlesholme Road, Greenmount, Bury",BL8 4DS,E05000676,North Manor,E08000002,Bury,-2.337432,53.625107
4408,Topping Fold Community Centre,"Topping Fold Road, Bury",BL9 7NQ,E05000672,East,E08000002,Bury,-2.268392,53.59822
4392,St Paul`s CEP School,"Porritt Street, Via Huntley Mount Road, Bury",BL9 6LJ,E05000675,Moorside,E08000002,Bury,-2.279877,53.600683
4504,Mobile Van On Playing Field,"Junction of Sycamore Avenue, And Chestnut Grove, Outwood, Radcliffe",M26 1DG,E05000680,Radcliffe West,E08000002,Bury,-2.334474,53.549184
4491,Dobbies Sports and Social Club,"Bradley Fold Road, Bradley Fold, Bolton",BL2 6RL,E05000679,Radcliffe North,E08000002,Bury,-2.360215,53.574906
4481,Radcliffe Library,"Stand Lane, Radcliffe",M26 1WR,E05000678,Radcliffe East,E08000002,Bury,-2.323042,53.558087
4474,St Marys Catholic Social Club,"Pine Street, Radcliffe",M26 2WQ,E05000678,Radcliffe East,E08000002,Bury,-2.319809,53.56383
4496,Trinity Baptist Church,"Westminster Avenue, Radcliffe, Manchester",M26 3WD,E05000679,Radcliffe North,E08000002,Bury,-2.347572,53.567303
4545,Prestwich Arts College,"Heys Road, Prestwich",M25 1JZ,E05000674,Holyrood,E08000002,Bury,-2.279725,53.534251
4334,Hazlehurst County Primary School,"Geoffrey Street, Ramsbottom",BL0 9PQ,E05000681,Ramsbottom,E08000002,Bury,-2.328409,53.638922
4559,Our Lady of Grace Old School,"Fairfax Road, Prestwich, Manchester",M25 1AS,E05000683,St Mary's,E08000002,Bury,-2.284942,53.533968
4370,St Hilda`s Parish Hall,"Victoria Street, Tottington",BL8 4AG,E05000685,Tottington,E08000002,Bury,-2.3447,53.615343
4553,Butterstile CP School,"School Grove, Prestwich",M25 9RJ,E05000683,St Mary's,E08000002,Bury,-2.28769,53.520714
4524,Mersey Drive CP School,"Mersey Drive, Whitefield, Manchester",M45 8LN,E05000670,Besses,E08000002,Bury,-2.274975,53.555448
4578,Pinfold Day Care Centre,"Pinfold Lane, Whitefield",M45 7NY,E05000677,Pilkington Park,E08000002,Bury,-2.294976,53.547219
4488,Ainsworth Parish Church Hall,"Church Street, Ainsworth, Bolton",BL2 5RD,E05000679,Radcliffe North,E08000002,Bury,-2.353156,53.588643
4567,Mobile Van At,"Corner of Bury New Road, And Portugal Road, Prestwich",M25 9WP,E05000684,Sedgley,E08000002,Bury,-2.27348,53.520289
4356,Hawkshaw Methodist Church Hall,"Bolton Road, Hawkshaw, Bury",BL8 4JR,E05000676,North Manor,E08000002,Bury,-2.366971,53.631269
4535,Lady Wilton Hall,"Nutt Lane, Simister, Prestwich",M25 2SJ,E05000674,Holyrood,E08000002,Bury,-2.251144,53.548552
4531,Besses O`th barn United Reformed Church,"Bury New Road, Whitefield, Manchester",M45 7EL,E05000670,Besses,E08000002,Bury,-2.289825,53.542099
4406,Fairfield CP School,"Rochdale Old Road, Bury",BL9 7SD,E05000672,East,E08000002,Bury,-2.262752,53.599994
4448,St Peters CEP School,"Whitefield Road Entrance, Bury",BL9 9PW,E05000682,Redvales,E08000002,Bury,-2.302272,53.577698
4353,Greenmount Cricket Club,"Brandlesholme Road, Bury",BL8 4DS,E05000676,North Manor,E08000002,Bury,-2.337432,53.625107
4463,Sunnybank Community Centre,"248 Sunnybank Road, Unsworth, Bury",BL9 8EB,E05000686,Unsworth,E08000002,Bury,-2.285579,53.561416
4361,Christ Church CEP School,"Church Street, Walshaw, Bury",BL8 3AX,E05000685,Tottington,E08000002,Bury,-2.338118,53.602906
4494,Wesley Methodist Primary School,"Forth Road, Radcliffe",M26 4PX,E05000679,Radcliffe North,E08000002,Bury,-2.339099,53.570653
4398,Seedfield Methodist Church,"Linton Avenue, Bury",BL9 6PQ,E05000675,Moorside,E08000002,Bury,-2.290399,53.607993
4564,Sedgley Community Hub,"Bishops Road, Prestwich",M25 0HT,E05000684,Sedgley,E08000002,Bury,-2.265791,53.520809
4466,Blackford Bridge United Reformed Church,"692 Manchester Road, Bury",BL9 9TQ,E05000682,Redvales,E08000002,Bury,-2.293381,53.567545
4340,Mobile At Car Park on Lumb Carr Road,"Ramsbottom, Bury",BL8 4NN,E05000681,Ramsbottom,E08000002,Bury,-2.332238,53.641149
4376,Brandlesholme Community Centre,"Brandlesholme Road, Bury",BL8 1HS,E05000673,Elton,E08000002,Bury,-2.313602,53.608687
4472,Radcliffe Hall C of E Methodist Primary School,"Bury Street, Radcliffe",M26 2GB,E05000678,Radcliffe East,E08000002,Bury,-2.309551,53.565239
4499,Chapelfield,"CP School, Clough Street, Radcliffe",M26 9LH,E05000680,Radcliffe West,E08000002,Bury,-2.31713,53.552826
4390,Woodbank CP School,"Brandlesholme Road, Bury",BL8 1AX,E05000673,Elton,E08000002,Bury,-2.310124,53.602306
4411,New Kershaw Centre,"Deal Street, Bury",BL9 7PZ,E05000672,East,E08000002,Bury,-2.278765,53.595165
4439,Lowercroft CP School,"Ashington Drive, Bury",BL8 2TS,E05000671,Church,E08000002,Bury,-2.338536,53.591013
4382,St James Church Hall,"St James Avenue, Off Walshaw Road, Bury",BL8 1TD,E05000673,Elton,E08000002,Bury,-2.32058,53.600148
4577,Mobile on car park of Ainsworth Arms,"465 Bury and Bolton Road, Radcliffe",M26 4LJ,E05000678,Radcliffe East,E08000002,Bury,-2.346115,53.581131
4445,Manchester Road Community Centre,"Manchester Road, Bury",BL9 9NS,E05000682,Redvales,E08000002,Bury,-2.296595,53.575887
4434,St Stephens CEP School,"Colville Drive, Bury",BL8 2DX,E05000671,Church,E08000002,Bury,-2.32527,53.587012
4520,Mobile At Junction of Sergeants Ln/Ryecroft,Whitefield,M45 7TR,E05000677,Pilkington Park,E08000002,Bury,-2.313576,53.541753
4556,St Andrews Church,"Woodward Road, Prestwich, Manchester",M25 9TY,E05000683,St Mary's,E08000002,Bury,-2.293001,53.520997
4522,Mersey Drive CP School,"Mersey Drive, Whitefield, Manchester",M45 8LN,E05000670,Besses,E08000002,Bury,-2.274975,53.555448
4454,Hollins Community Centre,"Hollins Lane, Bury",BL9 8AT,E05000686,Unsworth,E08000002,Bury,-2.282293,53.568992
4573,The Nursery Unit,"Park View CP School, Park View Road, Prestwich",M25 1FA,E05000684,Sedgley,E08000002,Bury,-2.275783,53.52662
4485,Wesley Methodist Church,"Alma Street Entrance, Radcliffe",M26 4FU,E05000678,Radcliffe East,E08000002,Bury,-2.335771,53.569988
4367,Walshaw Sports Club,"Sycamore Road, Tottington, Bury",BL8 3EG,E05000685,Tottington,E08000002,Bury,-2.33411,53.606342
4430,St Stephens Church,"Stephen Street, Bury",BL8 2PU,E05000671,Church,E08000002,Bury,-2.316561,53.591828
4550,Rainsough Mission Comm Cntr,"Rainsough Brow, Prestwich",M25 9XW,E05000683,St Mary's,E08000002,Bury,-2.28947,53.516609
4347,Holcombe Brook CP School,"Longsight Road, Holcombe Brook, Ramsbottom, Bury",BL0 9SN,E05000676,North Manor,E08000002,Bury,-2.332205,53.629357
4457,Unsworth Library,"Sunny Bank Road, Bury",BL9 8HJ,E05000686,Unsworth,E08000002,Bury,-2.28609,53.561028
4441,Chantlers School,"Foulds Avenue, Bury",BL8 2SF,E05000671,Church,E08000002,Bury,-2.326038,53.592628
4337,St Andrews Church,"Bolton Street, Ramsbottom",BL0 9JD,E05000681,Ramsbottom,E08000002,Bury,-2.320567,53.643941
4436,Greenhill CP School,"Mile Lane, Bury",BL8 2JH,E05000671,Church,E08000002,Bury,-2.334087,53.58806
4395,Salvation Army Citadel,"Brookshaw Street, Bury",BL9 6EB,E05000675,Moorside,E08000002,Bury,-2.287785,53.601669
4539,St Margaret`s Youth and Community Centre,"St Margaret`s Road, Prestwich, Manchester",M25 5QB,E05000674,Holyrood,E08000002,Bury,-2.269862,53.53724
4359,Elton High School,"Walshaw Road, Bury",BL8 1RN,E05000685,Tottington,E08000002,Bury,-2.326856,53.600724
4526,St Michaels Parish Hall,"Ribble Drive, Whitefield",M45 8NJ,E05000670,Besses,E08000002,Bury,-2.285601,53.550991
4563,Mobile on car park of Woodthorpe Hotel,"Bury Old Road, Prestwich",M25 0EG,E05000684,Sedgley,E08000002,Bury,-2.262559,53.522963
4401,St John with St Mark Church Hall,"Parkinson Street, Bury",BL9 6NY,E05000675,Moorside,E08000002,Bury,-2.295031,53.607197
4341,Christ Church Hall,"School Lane, Walmersley, Bury",BL9 5JU,E05000676,North Manor,E08000002,Bury,-2.29677,53.619869
4562,Mobile Van on the Corner Of,"Meade Hill Road, And Windsor Road, Prestwich",M25 0DJ,E05000684,Sedgley,E08000002,Bury,-2.253277,53.52667
4364,Tottington Library,"Market Street, Tottington",BL8 4AA,E05000685,Tottington,E08000002,Bury,-2.340746,53.614294
4344,Rowlands Methodist Church Hall,"Rowlands Road, Summerseat",BL9 5NS,E05000676,North Manor,E08000002,Bury,-2.306739,53.631499
4330,Ramsbottom Library,"Carr Street, Ramsbottom",BL0 9AE,E05000681,Ramsbottom,E08000002,Bury,-2.319349,53.649146
4459,St Bernadettes Social Club,"Selby Avenue, Whitefield, Manchester",M45 8UT,E05000686,Unsworth,E08000002,Bury,-2.293224,53.557624
4542,The Carlton Club,"279 Bury Old Road, Prestwich, Manchester, Manchester",M25 1JA,E05000674,Holyrood,E08000002,Bury,-2.267705,53.53291
4443,Bury East Spoke,"25 Dorset Drive, Bury",BL9 9DN,E05000682,Redvales,E08000002,Bury,-2.28722,53.584981
9458,St Mary of the Angels & St Clare,"St Marys Parish Centre, Elbow Street, Manchester",M19 3PY,E05011369,Levenshulme,E08000003,Manchester,-2.190302,53.443651
10001,NEW POLLING STATION,"St Anne`s Parish Hall, Crescent Avenue, Crumpsall, Manchester",M8 5UD,E05011360,Crumpsall,E08000003,Manchester,-2.236986,53.513239
9378,Moston Lane Primary School,"Nursery Annexe, Whitman Street, Moston, Manchester",M9 4NY,E05011373,Moston,E08000003,Manchester,-2.202586,53.512511
9755,YES Manchester,"115 Briscoe Lane, Newton Heath, Manchester",M40 2TP,E05011371,Miles Platting & Newton Heath,E08000003,Manchester,-2.183431,53.497639
9500,Belle Vue Leisure Centre,"Kirkmanshulme Lane, Longsight, Manchester",M12 4TF,E05011370,Longsight,E08000003,Manchester,-2.191432,53.460289
9432,Union Hall Evangelical Church,"Stretford Road, Hulme, Manchester",M15 6DY,E05011368,Hulme,E08000003,Manchester,-2.243755,53.468256
9854,Castlefield Hotel,"Liverpool Road, Manchester",M3 4JR,E05011361,Deansgate,E08000003,Manchester,-2.25688,53.476516
9369,Broadhurst Primary School,"Williams Road, Moston, Manchester",M40 0BX,E05011373,Moston,E08000003,Manchester,-2.179389,53.507982
9384,St Luke's C of E Primary School,"Langport Avenue, Longsight, Manchester",M12 4NG,E05011351,Ardwick,E08000003,Manchester,-2.210224,53.465488
9871,Abbey Hey Primary Academy,"Abbey Hey Lane, Gorton, Manchester",M18 8PF,E05011365,Gorton & Abbey Hey,E08000003,Manchester,-2.165392,53.46413
9510,38 Meldon Road,"Anson Estate, Rusholme, Manchester",M13 0TR,E05011377,Rusholme,E08000003,Manchester,-2.203902,53.450587
9779,St Catherine's Community Centre,"School Lane, Didsbury, Manchester",M20 6HS,E05011362,Didsbury East,E08000003,Manchester,-2.221882,53.416255
9607,Ladybarn Community Centre,"Royle Street, Fallowfield, Manchester",M14 6RN,E05011380,Withington,E08000003,Manchester,-2.214919,53.437964
9651,Church of the Nazarene,"Wendover Road, Brooklands, Manchester",M23 9FN,E05011353,Brooklands,E08000003,Manchester,-2.304567,53.405044
9726,RCCG Strongtower Miracle Arena,"Crab Lane, Manchester",M9 8NB,E05011367,Higher Blackley,E08000003,Manchester,-2.23112,53.529762
9332,Holy Trinity Church Hall,"Goodman Street, Blackley, Manchester",M9 4DT,E05011366,Harpurhey,E08000003,Manchester,-2.20713,53.513609
9559,Temporary Building,"Albion Inn Car Park, 576 Burnage Lane, Burnage, Manchester",M19 1NA,E05011354,Burnage,E08000003,Manchester,-2.211163,53.421279
9696,Manchester Enterprise Academy,"Simonsway, Wythenshawe, Manchester",M22 9RH,E05011381,Woodhouse Park,E08000003,Manchester,-2.272103,53.380763
9519,Our Lady's Parish Centre,"Raby Street, Moss Side, Manchester",M16 7JQ,E05011372,Moss Side,E08000003,Manchester,-2.2477,53.457641
9773,Wilbraham St Ninians Church,"Egerton Road South, Chorlton-Cum-Hardy, Manchester",M21 0XJ,E05011358,Chorlton Park,E08000003,Manchester,-2.269116,53.441056
9794,South Manchester Family Church,"Kingsburn Hall, 814 Burnage Lane, Manchester",M19 1RS,E05011362,Didsbury East,E08000003,Manchester,-2.213904,53.418382
9326,Allotments Pavilion,"Hoddesdon St cul-de-sac, off Hazelbottom Road, Lower Crumpsall, Manchester",M8 0GQ,E05011360,Crumpsall,E08000003,Manchester,-2.226632,53.509122
9887,Central Hall,"Oldham Street, Manchester",M1 1JQ,E05011376,Piccadilly,E08000003,Manchester,-2.236058,53.481898
9344,CHANGE OF STATION,"Manchester Youth Zone, 931 Rochdale Road, Harpurhey, Manchester",M9 8AE,E05011366,Harpurhey,E08000003,Manchester,-2.213197,53.514587
9543,St Margaret's C of E Primary School,"Withington Road, Whalley Range, Manchester",M16 8FQ,E05011379,Whalley Range,E08000003,Manchester,-2.258689,53.4495
9997,Temporary Building,"Manchester College, Northenden Campus, Entrance on Moss Hey Drive, Manchester",M23 0DD,E05011374,Northenden,E08000003,Manchester,-2.270694,53.409862
9699,St Marks URC,"Oatlands Road, Woodhouse Park, Manchester",M22 1AH,E05011381,Woodhouse Park,E08000003,Manchester,-2.267716,53.376342
9350,Pike Fold Community School,"Old Market Street, Blackley, Manchester",M9 8QP,E05011367,Higher Blackley,E08000003,Manchester,-2.223766,53.522648
9671,St Lukes Parish Hall,"Brownley Road, Benchill, Wythenshawe, Manchester",M22 4PT,E05011378,Sharston,E08000003,Manchester,-2.255046,53.389295
9399,Elizabeth Gaskell's House,"84 Plymouth Grove, Manchester",M13 9LW,E05011351,Ardwick,E08000003,Manchester,-2.221798,53.463706
9642,Wythenshawe Town FC Social Club,"Timpson Road, Manchester",M23 9LL,E05011353,Brooklands,E08000003,Manchester,-2.29875,53.399178
9360,Moston Children's Centre,"Adrian Street, Moston, Manchester",M40 5EA,E05011373,Moston,E08000003,Manchester,-2.192775,53.507206
9857,Anthony Burgess Foundation,"Chorlton Mill, 3 Cambridge Street, Manchester",M1 5BY,E05011361,Deansgate,E08000003,Manchester,-2.243464,53.472598
9546,Manley Park Primary School,"York Avenue, Whalley Range, Manchester",M16 0AS,E05011379,Whalley Range,E08000003,Manchester,-2.268342,53.449597
9452,NEW POLLING STATION,"Unsworth Park, 20 Chancellors Way, Fallowfield, Manchester",M14 6FZ,E05011377,Rusholme,E08000003,Manchester,-2.211855,53.445502
9866,Gorton Library,"Garratt Way, Gorton, Manchester",M18 8HE,E05011365,Gorton & Abbey Hey,E08000003,Manchester,-2.174332,53.46292
9689,St Andrew's Church,"Brownley Road, Wythenshawe, Manchester",M22 0DW,E05011381,Woodhouse Park,E08000003,Manchester,-2.259077,53.377098
9319,St Anne's Parish Hall,"Crescent Avenue, Crumpsall, Manchester",M8 5UD,E05011360,Crumpsall,E08000003,Manchester,-2.236986,53.513239
9467,Crowcroft Park Primary School,"Northmoor Road, entrance on Stovell Avenue, Longsight, Manchester",M12 5SY,E05011369,Levenshulme,E08000003,Manchester,-2.189814,53.451986
9965,NEW POLLING STATION,"St George`s Gardens, 1A Spinners Way, Manchester",M15 4UY,E05011368,Hulme,E08000003,Manchester,-2.260044,53.471654
9513,Birchfields Primary School,"Lytham Road, Fallowfield, Manchester",M14 6PL,E05011377,Rusholme,E08000003,Manchester,-2.205503,53.445389
9598,Withington Girls’ School,"100 Wellington Road, Fallowfield, Manchester",M14 6BL,E05011375,Old Moat,E08000003,Manchester,-2.22518,53.439502
9770,Barlow Moor Community Centre,"23 Mersey Bank Avenue, Barlow Moor, Manchester",M21 7NT,E05011358,Chorlton Park,E08000003,Manchester,-2.262092,53.422555
9567,Acacias Primary School,"Alexandra Drive, Burnage, Manchester",M19 2WW,E05011354,Burnage,E08000003,Manchester,-2.199168,53.436591
9752,Church of the Apostle's,"Ridgeway Street, Ancoats, Manchester",M40 7FY,E05011371,Miles Platting & Newton Heath,E08000003,Manchester,-2.215132,53.485802
9746,The Stirling Centre,"Scotland Hall Road, Manchester",M40 2AZ,E05011371,Miles Platting & Newton Heath,E08000003,Manchester,-2.180201,53.49324
9420,Park Inn Hotel,"4 Cheetham Hill Road, Cheetham, Manchester",M4 4EW,E05011356,Cheetham,E08000003,Manchester,-2.241059,53.489546
9729,Bowker Vale Primary School,"Middleton Road, Crumpsall, Manchester",M8 4NB,E05011367,Higher Blackley,E08000003,Manchester,-2.244919,53.531631
9720,Plant Hill Adult Learning Centre,"Plant Hill Road, Higher Blackley, Manchester",M9 0WQ,E05011367,Higher Blackley,E08000003,Manchester,-2.22249,53.529679
9353,Roach Court Community Room,"Hamerton Road, Manchester",M40 7QP,E05011366,Harpurhey,E08000003,Manchester,-2.224687,53.494369
9417,Trinity United Church Hall,"entrance Cheetham Hill Road, Cheetham, Manchester",M8 9LG,E05011356,Cheetham,E08000003,Manchester,-2.240974,53.509087
9390,St Joseph's RC Primary School,"Nursery Annexe, entrance on Daisy Bank Road, Longsight, Manchester",M13 0BT,E05011351,Ardwick,E08000003,Manchester,-2.208961,53.459684
9648,Lawton Moor Methodist Church,"Button Lane, Northern Moor, Manchester",M23 0ND,E05011353,Brooklands,E08000003,Manchester,-2.287649,53.412205
9491,Grange School,"Matthews Lane, Manchester",M12 4GR,E05011370,Longsight,E08000003,Manchester,-2.181122,53.451271
9528,Whalley Range Methodist Church,"51 Withington Road, Moss Side, Manchester",M16 7EX,E05011379,Whalley Range,E08000003,Manchester,-2.258035,53.455741
9298,St Mary's C.E. Primary School,"St Mary's Road, Moston, Manchester",M40 0DF,E05011373,Moston,E08000003,Manchester,-2.178658,53.517007
9677,Crossacres Primary School,"Crossacres Road, Wythenshawe, Manchester",M22 5AD,E05011378,Sharston,E08000003,Manchester,-2.245303,53.386682
9785,Broad Oak Primary School,"Broad Oak Lane, East Didsbury, Manchester",M20 5QB,E05011362,Didsbury East,E08000003,Manchester,-2.227511,53.402528
9313,Crumpsall Community Hall,"Formerly known as St Matthew`s Parish Hall, Cleveland Road, Crumpsall, Manchester",M8 4QU,E05011360,Crumpsall,E08000003,Manchester,-2.232575,53.520016
9692,Wythenshawe Community Church,"94 Crossacres Road, Manchester",M22 5BS,E05011378,Sharston,E08000003,Manchester,-2.251779,53.383396
9804,Christ Church Parish Hall,"Princess Road, entrance on Darley Avenue, West Didsbury, Manchester",M20 2ZD,E05011363,Didsbury West,E08000003,Manchester,-2.255864,53.422731
9375,Wellspring Community Church,"Brendon Avenue, Harpurhey, Manchester",M40 9DN,E05011373,Moston,E08000003,Manchester,-2.195031,53.509351
9304,Miners Community Art and Music Centre,"Teddington Road, Manchester",M40 0DJ,E05011355,Charlestown,E08000003,Manchester,-2.176124,53.516822
9595,Old Moat Primary School,"entrance on Hough Road, Withington, Manchester",M20 3FN,E05011375,Old Moat,E08000003,Manchester,-2.236833,53.434606
9531,The Phil Martin Centre,"137-139 Princess Road, Moss Side, Manchester",M14 4RE,E05011372,Moss Side,E08000003,Manchester,-2.244746,53.454663
9816,Cavendish Primary School,"Cavendish Road, West Didsbury, Manchester",M20 1JG,E05011363,Didsbury West,E08000003,Manchester,-2.241527,53.428648
9570,Oswald Road Primary School,"Oswald Road, entrance off Nicolas Road, Chorlton, Manchester",M21 9PL,E05011357,Chorlton,E08000003,Manchester,-2.279215,53.445267
9869,Gorton North Sure Start Centre (St James Site),"Stelling Street, Gorton, Manchester",M18 8LW,E05011365,Gorton & Abbey Hey,E08000003,Manchester,-2.171237,53.464409
9782,Didsbury CE Primary School,"Elm Grove, Didsbury, Manchester",M20 6RL,E05011362,Didsbury East,E08000003,Manchester,-2.230998,53.415914
9645,St Aidan's Centre,"230a Wythenshawe Road, entrance on Northolt Road, Northern Moor, Manchester",M23 0PH,E05011353,Brooklands,E08000003,Manchester,-2.285109,53.408049
9476,Levenshulme Inspire,"747 Stockport Road, Manchester",M19 3AR,E05011369,Levenshulme,E08000003,Manchester,-2.191513,53.448019
9656,Benchill Community Centre,"Benchill Road, Benchill, Wythenshawe, Manchester",M22 8EJ,E05011374,Northenden,E08000003,Manchester,-2.266306,53.393657
9797,Parrs Wood High School,"(Parrs Wood Sixth Form Building), Wilmslow Road, Manchester",M20 5PG,E05011362,Didsbury East,E08000003,Manchester,-2.219511,53.408664
9702,St Anthonys RC Primary School,"Dunkery Road, Woodhouse Park, Manchester",M22 0NT,E05011381,Woodhouse Park,E08000003,Manchester,-2.262107,53.373577
9639,Sandilands Primary School,"Infant Department, Wendover Road, Brooklands, Manchester",M23 9JX,E05011353,Brooklands,E08000003,Manchester,-2.308835,53.402462
9356,St Dunstan`s Parish Centre,"95 Kenyon Lane, Manchester",M40 9DL,E05011373,Moston,E08000003,Manchester,-2.195082,53.510528
9405,Ukrainian Cultural Centre,"31 Smedley Lane, Cheetham, Manchester",M8 8XB,E05011356,Cheetham,E08000003,Manchester,-2.232127,53.504250999999996
9338,St Augustine's CE Primary School,"St Augustine Street, Monsall, Manchester",M40 8PL,E05011366,Harpurhey,E08000003,Manchester,-2.211282,53.499427
9849,Seymour Road Academy,"Nursery Department, Seymour Road South, Clayton, Manchester",M11 4PR,E05011359,Clayton & Openshaw,E08000003,Manchester,-2.170786,53.483465
9860,Innside Manchester,"1 First Street, Manchester",M15 4FN,E05011361,Deansgate,E08000003,Manchester,-2.246597,53.472932
9507,Birch Community Centre,"Brighton Grove, entrance on Danes Road, Rusholme, Manchester",M14 5JT,E05011377,Rusholme,E08000003,Manchester,-2.2156,53.450405
10003,NEW POLLING STATION,"Didsbury Baptist Church, Beaver Road / School Lane, Didsbury, Manchester",M20 6SX,E05011362,Didsbury East,E08000003,Manchester,-2.228901,53.417662
9435,Wesleyan Holiness Centre,"150 Boundary Lane, Hulme, Manchester",M15 6NW,E05011368,Hulme,E08000003,Manchester,-2.239995,53.463931
9307,Moston Fields Primary School,"Croft Hill Road / Tyndall Avenue, Moston, Manchester",M40 9PP,E05011373,Moston,E08000003,Manchester,-2.193966,53.517038
9877,Aspinal Methodist Church,"Reddish Lane, Gorton, Manchester",M18 7JH,E05011365,Gorton & Abbey Hey,E08000003,Manchester,-2.159746,53.456731
9522,Greenheys Centre,"Upper Lloyd Street, Moss Side, Manchester",M14 4HZ,E05011372,Moss Side,E08000003,Manchester,-2.236145,53.457205
9381,Medlock Primary School,"Wadeson Road, Chorlton-on-Medlock, Manchester",M13 9UJ,E05011351,Ardwick,E08000003,Manchester,-2.22454,53.469802
9908,Sacred Heart Parish Centre,"Floatshall Road, Baguley, Manchester",M23 1HP,E05011352,Baguley,E08000003,Manchester,-2.289483,53.396524
9891,NEW POLLING STATION,"Welcome Centre, Brentfield Avenue, Manchester",M8 0TW,E05011356,Cheetham,E08000003,Manchester,-2.241653,53.50389
9714,Higher Blackley Education Village,"Our Lady's High School, Alworth Road, Blackley, Manchester",M9 0RP,E05011367,Higher Blackley,E08000003,Manchester,-2.218631,53.536041
9822,Ashbury Meadow Childrens Centre,"Rylance Street, Beswick, Manchester",M11 3NA,E05011350,Ancoats & Beswick,E08000003,Manchester,-2.206387,53.478681
9537,Our Lady's RC Primary School,"Whalley Road, Whalley Range, Manchester",M16 8AW,E05011379,Whalley Range,E08000003,Manchester,-2.265457,53.452911
9874,TDS Cheer & Dance Studio,"(formerly known as Active Me Studios), 194-196 Abbey Hey Lane, Gorton, Manchester",M18 8TW,E05011365,Gorton & Abbey Hey,E08000003,Manchester,-2.1559,53.467799
9904,NEW POLLING STATION,"Hampton By Hilton Manchester Northern Quarter, 41 Rochdale Road, Manchester",M4 4HT,E05011376,Piccadilly,E08000003,Manchester,-2.233421,53.487914
9683,St Richards Church Hall,"Leominster Drive, Peel Hall, Manchester",M22 5DL,E05011378,Sharston,E08000003,Manchester,-2.247865,53.37998
9788,East Didsbury Methodist Church Hall,"496 Parrs Wood Road, East Didsbury, Manchester",M20 5QQ,E05011362,Didsbury East,E08000003,Manchester,-2.226179,53.40671
9556,St Bernard's Parish Centre,"Burnage Lane, Manchester",M19 1DR,E05011354,Burnage,E08000003,Manchester,-2.201526,53.429494
9446,Union Chapel,"Wellington Road, entrance on Waller Avenue, Fallowfield, Manchester",M14 6EQ,E05011364,Fallowfield,E08000003,Manchester,-2.223191,53.442077
9274,Crosslee Primary School,"Crosslee Road, Blackley, Manchester",M9 6TG,E05011355,Charlestown,E08000003,Manchester,-2.196449,53.529453
9636,Newall Green Baptist Church,"Tuffley Road, Newall Green, Manchester",M23 2SW,E05011352,Baguley,E08000003,Manchester,-2.282786,53.382212
9464,Arcadia Library and Leisure Centre,"Yew Tree Avenue, Manchester",M19 3PH,E05011369,Levenshulme,E08000003,Manchester,-2.192994,53.446066
9841,St Clement`s Church,"Ashton Old Road, Manchester",M11 1HF,E05011359,Clayton & Openshaw,E08000003,Manchester,-2.158918,53.473082
9494,Gorton South Sure Start Centre,"(entrance on Mountbatten Street), 18 Mount Road, Manchester",M18 7BG,E05011370,Longsight,E08000003,Manchester,-2.181253,53.460745
9470,St Peters Church,"Stockport Road/Barlow Road, Levenshulme, Manchester",M19 3BS,E05011369,Levenshulme,E08000003,Manchester,-2.19117,53.445449000000004
9429,Hulme Hall,"also known as Claremont Resource Centre, Rolls Crescent, Hulme, Manchester",M15 5FS,E05011368,Hulme,E08000003,Manchester,-2.249989,53.465214
9749,Arawak Walton Housing Association,"Sycamore Court, 144 Sandal Street, Manchester",M40 7BS,E05011371,Miles Platting & Newton Heath,E08000003,Manchester,-2.205117,53.490296
9589,St Werburgh's Church Hall,"St Werburghs Road, Manchester",M21 0UH,E05011357,Chorlton,E08000003,Manchester,-2.269489,53.442862
9402,Denmark Road Sports Centre,"Denmark Road, Moss Side, Manchester",M15 6FG,E05011351,Ardwick,E08000003,Manchester,-2.23285,53.460519
9301,St Mary`s Church,"47 Nuthurst Road, Manchester",M40 0EW,E05011355,Charlestown,E08000003,Manchester,-2.176341,53.51817
9801,Fielden Campus,"The Manchester College, Barlow Moor Road, West Didsbury, Manchester",M20 2PQ,E05011363,Didsbury West,E08000003,Manchester,-2.247432,53.421841
9838,St Barnabas CE Academy,"Parkhouse Street, Openshaw, Manchester",M11 2JX,E05011359,Clayton & Openshaw,E08000003,Manchester,-2.177049,53.474782
9525,Claremont Primary School,"entrance via Kippax Street, Moss Side, Manchester",M14 7NA,E05011372,Moss Side,E08000003,Manchester,-2.234873,53.453145
9534,Heald Place Primary School,"entrance on Parkfield Street, Rusholme, Manchester",M14 7PE,E05011372,Moss Side,E08000003,Manchester,-2.230923,53.452039
9852,Central Library,"St Peters Square, Manchester",M2 5PD,E05011361,Deansgate,E08000003,Manchester,-2.244594,53.477944
9341,Saviour Church,"Eggington Street, Manchester",M40 7RN,E05011366,Harpurhey,E08000003,Manchester,-2.22404,53.497909
9740,Brighter Beginnings Day Nursery,"Great Newton Street, off Droylsden Road, Manchester",M40 1WT,E05011371,Miles Platting & Newton Heath,E08000003,Manchester,-2.17566,53.499538
9761,Chorlton Central Church,"Barlow Moor Road, Chorlton-Cum-Hardy, Manchester",M21 8BF,E05011358,Chorlton Park,E08000003,Manchester,-2.2743,53.439543
9455,Divine Mercy RC Primary School,"20 Blue Moon Way, Moss Side, Manchester",M14 7SH,E05011372,Moss Side,E08000003,Manchester,-2.235824,53.450788
9810,Ivy Manchester Church,"Barlow Moor Road, Didsbury, Manchester",M20 2GP,E05011363,Didsbury West,E08000003,Manchester,-2.238375,53.41954
9723,St Andrew's Hall,"Longhurst Road, Higher Blackley, Manchester",M9 8NS,E05011367,Higher Blackley,E08000003,Manchester,-2.231346,53.532476
9583,St Clement's Church,"Edge Lane, Chorlton, Manchester",M21 9AE,E05011357,Chorlton,E08000003,Manchester,-2.283702,53.440662
9662,Jimmy Egans Boxing Academy,"Royalthorn Road, Benchill, Manchester",M22 8AD,E05011374,Northenden,E08000003,Manchester,-2.260669,53.394119
9316,St Thomas with St Mark Church,"Junction of Chataway Road, and Hazelbottom Road, Lower Crumpsall, Manchester",M8 5UX,E05011360,Crumpsall,E08000003,Manchester,-2.224686,53.511366
9496,Rushbrook Primary Academy School,"101 Shillingford Road, Manchester",M18 7TN,E05011370,Longsight,E08000003,Manchester,-2.168908,53.45075
9479,Dunamis Centre,"Formerly known as Northmoor Road Methodist Church, Northmoor Road, Longsight, Manchester",M12 5RT,E05011370,Longsight,E08000003,Manchester,-2.192541,53.455712
9549,Whalley Range High School,"Wilbraham Road, Whalley Range, Manchester",M16 8GW,E05011379,Whalley Range,E08000003,Manchester,-2.247011,53.44274
9776,Didsbury Baptist Church,"Beaver Road / School Lane, Didsbury, Manchester",M20 6SX,E05011362,Didsbury East,E08000003,Manchester,-2.228901,53.417662
9863,Emmanuel Church Hall,"Blackwin Street, West Gorton, Manchester",M12 5LD,E05011365,Gorton & Abbey Hey,E08000003,Manchester,-2.188604,53.467664
9449,St Kentigerns RC Primary School,"Bethnall Drive, Fallowfield, Manchester",M14 7ED,E05011364,Fallowfield,E08000003,Manchester,-2.236049,53.442482
9516,St Johns CE Primary School,"Clarence Road, Longsight, Manchester",M13 0YE,E05011377,Rusholme,E08000003,Manchester,-2.206529,53.458304
9791,Christ Church UR Church,"261-267 Parrs Wood Road, Corner of Fog Lane, Didsbury, Manchester",M20 6EE,E05011354,Burnage,E08000003,Manchester,-2.217721,53.423463
9616,Royal Oak Community Centre,"Brookcot Road, Manchester",M23 1DY,E05011352,Baguley,E08000003,Manchester,-2.290356,53.398787
9423,New Hope Fellowship Church,"Tatton Street, Hulme, Manchester",M15 4EQ,E05011368,Hulme,E08000003,Manchester,-2.263269,53.469185
9680,Haveley Hey Community School,"The Bridge Nursery, Gladeside Road, Benchill, Manchester",M22 9QY,E05011378,Sharston,E08000003,Manchester,-2.267629,53.384171
9347,Parish Church of Saint John the Evangelist,"100 Ashley Lane, Manchester",M9 4NT,E05011366,Harpurhey,E08000003,Manchester,-2.201197,53.509617
9552,Burnage United Reformed Church Hall,"111 Burnage Lane, Burnage, Manchester",M19 2WH,E05011354,Burnage,E08000003,Manchester,-2.199794,53.435672
9485,St Agnes CE Primary School,"Hamilton Road, Longsight, Manchester",M13 0PE,E05011370,Longsight,E08000003,Manchester,-2.200998,53.454215
9705,Ringway Primary School,"Rossett Avenue, Cornishway, Wythenshawe, Manchester",M22 0WW,E05011381,Woodhouse Park,E08000003,Manchester,-2.260794,53.370299
9624,Baguley Hall Primary School,"Ackworth Drive, Baguley, Manchester",M23 1LB,E05011352,Baguley,E08000003,Manchester,-2.285933,53.394142
9281,St John Bosco RC Primary School,"Hall Moss Road, Blackley, Manchester",M9 7AT,E05011355,Charlestown,E08000003,Manchester,-2.195505,53.526994
9564,The Klondyke,"Burnage Range, Levenshulme, Manchester",M19 2HQ,E05011354,Burnage,E08000003,Manchester,-2.196324,53.443578
9758,Loreto High School,"Nell Lane, Chorlton, Manchester",M21 7SW,E05011358,Chorlton Park,E08000003,Manchester,-2.262342,53.433825
9592,St Christophers Parish Hall,"Moorgate Avenue, Withington, Manchester",M20 1HE,E05011375,Old Moat,E08000003,Manchester,-2.245978,53.433304
9743,Christ The King Primary School,"Culcheth Lane, Newton Heath, Manchester",M40 1LU,E05011371,Miles Platting & Newton Heath,E08000003,Manchester,-2.176164,53.497801
9844,Clayton Sure Start Childrens Centre,"101 North Road, Clayton, Manchester",M11 4NE,E05011359,Clayton & Openshaw,E08000003,Manchester,-2.180346,53.484898
9659,Northenden Community School,"Bazley Road, Northenden, Manchester",M22 4FL,E05011374,Northenden,E08000003,Manchester,-2.259709,53.409267
9825,CE School of the Resurrection,"Pilgrim Drive, Beswick, Manchester",M11 3TQ,E05011350,Ancoats & Beswick,E08000003,Manchester,-2.200666,53.479671
9442,The Place at Platt Lane,"Fallowfield Library, Platt Lane, Manchester",M14 7FZ,E05011364,Fallowfield,E08000003,Manchester,-2.237849,53.446471
9732,Community Library near Victoria Mill,"Lower Vickers Street, Manchester",M40 7LJ,E05011371,Miles Platting & Newton Heath,E08000003,Manchester,-2.214292,53.489633
9959,NEW POLLING STATION,"St Cuthbert Church, 3 Palatine Road, Withington, Manchester",M20 3LH,E05011380,Withington,E08000003,Manchester,-2.229566,53.432213
9372,Moston Methodist Church,"corner of Ilkley Street and Moston Lane, Moston, Manchester",M40 9PA,E05011373,Moston,E08000003,Manchester,-2.194344,53.513936
9411,Unity Community Primary School,"41 Allesley Drive, Manchester",M7 4YE,E05011356,Cheetham,E08000003,Manchester,-2.249223,53.501556
9943,NEW POLLING STATION,"Cheetham Hill Sports Club, Catherine Road, Manchester",M8 4HF,E05011360,Crumpsall,E08000003,Manchester,-2.254189,53.517787
9335,Harpurhey Neighbourhood Project,"Carisbrook Street, entrance off Conran Street, Harpurhey, Manchester",M9 5UX,E05011366,Harpurhey,E08000003,Manchester,-2.215942,53.508668
9819,Victoria Square,"Community Room, Oldham Road, Manchester",M4 5DX,E05011350,Ancoats & Beswick,E08000003,Manchester,-2.229267,53.485704
9807,St James and Emmanuel Church Parish Centre,"6 Barlow Moor Road, Didsbury, Manchester",M20 6TR,E05011363,Didsbury West,E08000003,Manchester,-2.233736,53.418569
9835,Higher Openshaw Community School,"Saunton Road, Manchester",M11 1AJ,E05011359,Clayton & Openshaw,E08000003,Manchester,-2.17037,53.477309
9686,Brownley Green Baptist Church,"Crossacres Road, Manchester",M22 9TB,E05011378,Sharston,E08000003,Manchester,-2.257998,53.382628
9586,St John's Parish Centre,"Chequers Road, Chorlton-Cum-Hardy, Manchester",M21 9DX,E05011357,Chorlton,E08000003,Manchester,-2.278858,53.439029
9895,NEW POLLING STATION,"Scout Hut - The Shack, Mirfield Road, Higher Blackley, Manchester",M9 6NN,E05011367,Higher Blackley,E08000003,Manchester,-2.217945,53.531809
9287,Joy Community Church,"Booth Hall Road, Charlestown, Manchester",M9 7BL,E05011355,Charlestown,E08000003,Manchester,-2.192264,53.524312
9396,St Luke's Church and Neighbourhood Centre,"Guide Post Road, Ardwick, Manchester",M13 9HP,E05011351,Ardwick,E08000003,Manchester,-2.215629,53.465261
9387,Armitage CE Primary School,"Rostron Avenue, off Bennett Street, Ardwick, Manchester",M12 5NP,E05011351,Ardwick,E08000003,Manchester,-2.205898,53.467896
9393,Coverdale Baptist Church,"Morbourne Close, Ardwick, Manchester",M12 4FG,E05011351,Ardwick,E08000003,Manchester,-2.214481,53.467377
9630,Newall Green Primary School,"Firbank Road, Manchester",M23 2YH,E05011352,Baguley,E08000003,Manchester,-2.27942,53.387083
9284,Chain Bar Methodist Hall,"Nina Drive, Moston, Manchester",M40 5RT,E05011355,Charlestown,E08000003,Manchester,-2.178433,53.524405
9580,Brookburn Primary School,"Brookburn Road, Chorlton-Cum-Hardy, Manchester",M21 8EH,E05011357,Chorlton,E08000003,Manchester,-2.282676,53.435783
9290,St Margaret Mary's Church Hall,"St Margaret's Road, New Moston, Manchester",M40 0JE,E05011355,Charlestown,E08000003,Manchester,-2.172328,53.525403
9764,Chorlton Park Primary School,"Mauldeth Road West, Manchester",M21 7HH,E05011358,Chorlton Park,E08000003,Manchester,-2.270316,53.433269
9503,Xaverian College,"Entrance on Thurloe Street, Manchester",M14 5SG,E05011377,Rusholme,E08000003,Manchester,-2.223316,53.454713
9668,West View Court,"Community Room, West View Road, Northenden, Manchester",M22 4LQ,E05011374,Northenden,E08000003,Manchester,-2.248743,53.404256
9693,CHANGE OF STATION,"Woodhouse Park Lifestyle Centre, Portway, Woodhouse Park, Manchester",M22 1QW,E05011381,Woodhouse Park,E08000003,Manchester,-2.273337,53.373911
9735,Newton Heath Library,"Old Church Street, Newton Heath, Manchester",M40 2JB,E05011371,Miles Platting & Newton Heath,E08000003,Manchester,-2.182935,53.501505
9604,St Chad's Church Hall,"St Chads Road, Withington, Manchester",M20 4WH,E05011380,Withington,E08000003,Manchester,-2.216091,53.434369
9562,Westcroft Community Centre,"26 Westcroft Road, Burnage, Manchester",M20 6EF,E05011354,Burnage,E08000003,Manchester,-2.215681,53.42477
9473,St Marks Church,"Barlow Road, Levenshulme, Manchester",M19 3HP,E05011369,Levenshulme,E08000003,Manchester,-2.179036,53.445738
9613,Gandhi Hall,"Brunswick Road, Withington, Manchester",M20 4QB,E05011380,Withington,E08000003,Manchester,-2.223158,53.432837
9295,Northwards Housing Office,"White Moss Road, Blackley, Manchester",M9 6NZ,E05011355,Charlestown,E08000003,Manchester,-2.209593,53.526799
9363,Broadway Leisure Centre,"Broadway, New Moston, Manchester",M40 3LN,E05011373,Moston,E08000003,Manchester,-2.16724,53.520503
9366,Scout Hut,"Eastwood Road, New Moston, Manchester",M40 3TE,E05011373,Moston,E08000003,Manchester,-2.159687,53.517133
9813,Didsbury United Reformed Church,"Parkfield Road South, Didsbury, Manchester",M20 6DA,E05011363,Didsbury West,E08000003,Manchester,-2.238809,53.421687
9665,Wythenshawe Cricket Club,"Longley Lane, Northenden, Manchester",M22 4JF,E05011374,Northenden,E08000003,Manchester,-2.257961,53.403868
9482,United Church of God Assembly,"1 Rushford Street, Longsight, Manchester",M12 4UG,E05011370,Longsight,E08000003,Manchester,-2.196568,53.457071
9737,Abbott Primary School,"Livesey Street, Collyhurst, Manchester",M40 7PR,E05011371,Miles Platting & Newton Heath,E08000003,Manchester,-2.226913,53.490715
9708,The Romper Public House,"Wilmslow Old Road, Cheshire",WA15 8XJ,E05011381,Woodhouse Park,E08000003,Manchester,-2.288852,53.358962
9310,Crumpsall Lane Primary School - Nursery,"Crumpsall Lane, Manchester",M8 5SR,E05011360,Crumpsall,E08000003,Manchester,-2.238958,53.517873
9329,CHANGE OF STATION,"Mount Carmel RC Primary School, Nursery Block, Hunt Street, off Russett Road, Blackley",M9 8BL,E05011366,Harpurhey,E08000003,Manchester,-2.215182,53.516543
9831,Ravensbury School,"Tartan Street, Clayton, Manchester",M11 4EG,E05011359,Clayton & Openshaw,E08000003,Manchester,-2.185872,53.487263
9488,Old Hall Drive Academy,"Old Hall Drive, Gorton, Manchester",M18 7FU,E05011365,Gorton & Abbey Hey,E08000003,Manchester,-2.170639,53.458109
9426,St Wilfrid's Enterprise Centre,"Royce Road, Hulme, Manchester",M15 5BJ,E05011368,Hulme,E08000003,Manchester,-2.253308,53.468846
9461,St Andrew's Scout HQ,"Kirk Road, Levenshulme, Manchester",M19 2RH,E05011369,Levenshulme,E08000003,Manchester,-2.183722,53.436167
9408,Cheetham CE Community Academy,"Halliwell Lane, Cheetham, Manchester",M8 9FR,E05011356,Cheetham,E08000003,Manchester,-2.24555,53.507685
9573,Chorlton Library,"Manchester Road, Chorlton, Manchester",M21 9PN,E05011357,Chorlton,E08000003,Manchester,-2.279043,53.444269
9627,St Martin's Church Hall,"Blackcarr Road, Baguley, Manchester",M23 1LX,E05011352,Baguley,E08000003,Manchester,-2.278898,53.392262
9601,Withington Adult Education Centre,"Near Withington Baths, 24A Burton Road, Withington, Manchester",M20 3ED,E05011375,Old Moat,E08000003,Manchester,-2.231167,53.433262
9711,Glenbrook Road Hall,"Glenbrook Road, Higher Blackley, Manchester",M9 0PQ,E05011367,Higher Blackley,E08000003,Manchester,-2.239941,53.534436
9828,St Anne's Church,"Carruthers Street, Ancoats, Manchester",M4 7EQ,E05011350,Ancoats & Beswick,E08000003,Manchester,-2.215949,53.480936
9767,Barlow Hall Primary School,"Darley Avenue, Chorton-cum-Hardy, Manchester",M21 7JG,E05011358,Chorlton Park,E08000003,Manchester,-2.269786,53.427993
8997,Rushcroft Primary School,"Trent Road, Shaw",OL2 7YL,E05000724,Crompton,E08000004,Oldham,-2.0991,53.585726
9067,Mobile Unit SN5,"Three Crowns Car Park, Huddersfield Road, Scouthead, Oldham",OL4 4AT,E05000731,Saddleworth North,E08000004,Oldham,-2.054758,53.547373
9155,St John`s Church,"Oldham Road, Failsworth",M35 0EH,E05000725,Failsworth East,E08000004,Oldham,-2.155639,53.511395
8970,Werneth Park Lifelong Learning Centre,"Frederick Street, Oldham",OL8 1RB,E05000738,Werneth,E08000004,Oldham,-2.129299,53.532907
9141,St Barnabas Parish Hall,"Arundel Street, Clarksfield, Oldham",OL4 1NL,E05000737,Waterhead,E08000004,Oldham,-2.087441,53.543023
9052,St Thomas Church,"Church Street, Delph",OL3 5DR,E05000731,Saddleworth North,E08000004,Oldham,-2.024921,53.567384
9197,Canon George Community Hall,"St Margaret`s Church, Chapel Road, Oldahm",OL8 4QQ,E05000727,Hollinwood,E08000004,Oldham,-2.135717,53.525439
8825,Spring Bank Bowling Club,"Albion Street, Chadderton, Oldham",OL9 9HT,E05000720,Chadderton Central,E08000004,Oldham,-2.146984,53.542056
9113,St Saviours Church,"Crompton Fold, Buckstones Road, Shaw",OL2 8DF,E05000736,Shaw,E08000004,Oldham,-2.08028,53.586684
9127,Littlemoor Primary School,"Littlemoor Lane, Oldham",OL4 2RR,E05000737,Waterhead,E08000004,Oldham,-2.086594,53.549684
8813,Evangelical Church,"8-9 Eldon Precinct, Oldham",OL8 1NL,E05000719,Alexandra,E08000004,Oldham,-2.114253,53.536214
9221,Mobile Unit HO7,"Vaal Street, Hollins, Oldham",OL8 4NW,E05000727,Hollinwood,E08000004,Oldham,-2.131222,53.524745
9171,Failsworth Lifelong Learning Centre,"Failsworth Town Hall, Oldham Road, Failsworth",M35 0FH,E05000725,Failsworth East,E08000004,Oldham,-2.156813,53.510935
9145,Salem Moravian Church Hall,"Lees Road, Oldham",OL4 3AJ,E05000737,Waterhead,E08000004,Oldham,-2.08393,53.53818
8937,Blackshaw Lane Primary School,"Blackshaw Lane, Heyside, Royton",OL2 6NT,E05000724,Crompton,E08000004,Oldham,-2.106726,53.566907
9123,Waterhead Academy Sports Campus,"Counthill Road, Moorside, Oldham",OL4 2PY,E05000737,Waterhead,E08000004,Oldham,-2.077386,53.556926
9163,Hope Methodist Church,"Oldham Road, Failsworth, Manchester",M35 9AN,E05000725,Failsworth East,E08000004,Oldham,-2.151022,53.514978
9012,The Pavilion,"Station Road, Grotton, Oldham",OL4 5SF,E05000733,Saddleworth West and Lees,E08000004,Oldham,-2.054941,53.536848
8980,St Thomas Church - Werneth,"St Thomas Circle, Coppice, Oldham",OL8 1SE,E05000738,Werneth,E08000004,Oldham,-2.122624,53.535379
9004,Springhead Community Centre,"Ashes Lane, Springhead, Oldham",OL4 4PF,E05000733,Saddleworth West and Lees,E08000004,Oldham,-2.064587,53.538867
8989,Fir Lane Methodist Church,"Fir Lane, Royton",OL2 6SS,E05000724,Crompton,E08000004,Oldham,-2.12293,53.57819
8864,Turf Lane Lifelong Learning Centre,"Turf Lane, Chadderton",OL9 8HP,E05000722,Chadderton South,E08000004,Oldham,-2.152851,53.524459
9137,Greenacres Community Centre,"Galland Street, Greenacres, Oldham",OL4 3EU,E05000737,Waterhead,E08000004,Oldham,-2.079343,53.545976
8801,The Childrens Society,"13/21 Brownedge Road, Holts Village, Oldham",OL4 5QQ,E05000719,Alexandra,E08000004,Oldham,-2.073444,53.529586
8838,St Herbert`s Parish Centre,"148 Broadway, Chadderton, Oldham",OL9 0JY,E05000721,Chadderton North,E08000004,Oldham,-2.145974,53.54657
8872,St George`s Over 60`S Club,"St. Georges Square, Chadderton",OL9 9NU,E05000722,Chadderton South,E08000004,Oldham,-2.165838,53.524343
8793,Mobile Unit AL1,"Land opposite Pennine Pen, Honeywell Lane, Oldham",OL8 2JP,E05000719,Alexandra,E08000004,Oldham,-2.106283,53.528671
8856,North Chadderton Social & Bowling Club,"Broadway, Chadderton, Oldham",OL9 0EL,E05000721,Chadderton North,E08000004,Oldham,-2.141466,53.55248
9217,Werneth Golf Club,"Side Entrance, Green Lane, Oldham",OL8 3AZ,E05000727,Hollinwood,E08000004,Oldham,-2.120467,53.519525
8817,Mills Hill Community Hall,"Mills Hill Road, Chadderton, Oldham",M24 2FD,E05000720,Chadderton Central,E08000004,Oldham,-2.169257,53.549658
9088,Saint Stephen & All Martyrs Church,"Thames Street, Oldham",OL1 3QU,E05000735,St Mary's,E08000004,Oldham,-2.1039,53.54745
8891,OBA Millennium Centre,"Featherstall Road North, Oldham",OL9 6QB,E05000723,Coldhurst,E08000004,Oldham,-2.128763,53.544666
9159,Macedonia United Reformed Church,"Holt Lane, Failsworth",M35 9QG,E05000725,Failsworth East,E08000004,Oldham,-2.143214,53.507499
9059,Holy Trinity Church,"Woods Lane, Dobcross, Oldham",OL3 5AL,E05000731,Saddleworth North,E08000004,Oldham,-2.014664,53.556033
8941,Coppice Primary Academy,"Burlington Avenue, Oldham",OL8 1AP,E05000728,Medlock Vale,E08000004,Oldham,-2.120348,53.530761
9071,Woodlands Primary Academy,"Broadbent Road, Oldham",OL1 4HU,E05000734,St James',E08000004,Oldham,-2.085438,53.553719
8888,Mobile Unit CO2,"Channing Nursery Car Park, Maygate, Westwood, Oldham",OL9 6TR,E05000723,Coldhurst,E08000004,Oldham,-2.128175,53.549817
8908,Trinity House,"Godson Street, Oldham",OL1 2XL,E05000723,Coldhurst,E08000004,Oldham,-2.11705,53.549352
9020,Lees Library and Community Hub,"Thomas Street, Lees, Oldham",OL4 5DA,E05000733,Saddleworth West and Lees,E08000004,Oldham,-2.071887,53.536795
9074,Stoneleigh Park Community Cabin,"Buxted Road, Oldham",OL1 4LP,E05000734,St James',E08000004,Oldham,-2.094736,53.552518
8848,Burnley Brow Primary School,"Victoria Street, Chadderton",OL9 0BY,E05000721,Chadderton North,E08000004,Oldham,-2.133868,53.550799
8960,New Bridge Learning Centre,"St Martins Road, Oldham",OL8 2PZ,E05000728,Medlock Vale,E08000004,Oldham,-2.100721,53.518114
9213,St Chads Centre,"Lime Green Parade, Limehurst Village, Oldham",OL8 3HH,E05000727,Hollinwood,E08000004,Oldham,-2.126789,53.515222
8986,Crompton Primary School,"Longfield Road, Shaw",OL2 7HD,E05000724,Crompton,E08000004,Oldham,-2.103368,53.576707
9056,Diggle Band Club,"Huddersfield Road, Diggle",OL3 5PJ,E05000731,Saddleworth North,E08000004,Oldham,-1.997936,53.567232
9167,Mather Street Primary School,"Mather Street, Failsworth, Manchester",M35 0DT,E05000726,Failsworth West,E08000004,Oldham,-2.165979,53.510428
9201,Holy Family - Parish Room,"Holy Family RC Church, Roman Road, Limeside, Oldham",OL8 3PY,E05000727,Hollinwood,E08000004,Oldham,-2.136505,53.516704
8903,Coldhurst Lifelong Learning Centre,"Rochdale Road, Oldham",OL1 2HR,E05000723,Coldhurst,E08000004,Oldham,-2.120502,53.547641
8922,St Paul`s Parish Centre,"Church Street, Royton",OL2 5JS,E05000729,Royton North,E08000004,Oldham,-2.127224,53.564855
8993,St Mary`s Church,"Rushcroft Road, High Crompton",OL2 7PP,E05000724,Crompton,E08000004,Oldham,-2.111284,53.584185
8952,Holy Rosary R C Primary School,"Fir Tree Avenue, Fitton Hill, Oldham",OL8 2SR,E05000728,Medlock Vale,E08000004,Oldham,-2.108269,53.520867
9031,St Mary's C of E School,"Manchester Road, Greenfield",OL3 7DW,E05000732,Saddleworth South,E08000004,Oldham,-2.000791,53.532044
8895,Chadderton Community Church (Annexe),"Garforth Street, Chadderton",OL9 6RW,E05000721,Chadderton North,E08000004,Oldham,-2.134674,53.547859
9185,Ridgefield Community Centre,"Ridgefield Street, Failsworth, Manchester",M35 0HJ,E05000726,Failsworth West,E08000004,Oldham,-2.167196,53.505733
9205,Avenues & Hollins Residents & Tenants Association,"First Avenue, Limeside, Oldham",OL8 3SH,E05000727,Hollinwood,E08000004,Oldham,-2.127221,53.518574
8844,St Mark`s Church Vestry,"Milne Street, Chadderton, Oldham",OL9 0HR,E05000721,Chadderton North,E08000004,Oldham,-2.138097,53.546912
9068,Sholver Community Centre,"Sholver Lane, Sholver, Oldham",OL1 4NT,E05000734,St James',E08000004,Oldham,-2.074273,53.564917
9175,Failsworth Home Guard,"Poplar Street, Failsworth",M35 0HY,E05000726,Failsworth West,E08000004,Oldham,-2.170932,53.504606
9151,The Childrens Centre,"Higher Failsworth Primary School, Stansfield Road, Failsworth",M35 9ED,E05000725,Failsworth East,E08000004,Oldham,-2.147858,53.515638
8884,Barker Street Tenants Hall,"Adj. Browbeck Car Park, Off Eden Street, Oldham",OL1 2XA,E05000723,Coldhurst,E08000004,Oldham,-2.116994,53.545352
9178,The Millgate Function Room,"Ashton Road West, Failsworth, Manchester",M35 0ES,E05000726,Failsworth West,E08000004,Oldham,-2.160477,53.506957
9100,Greenhill Academy,"Harmony Street, Glodwick, Oldham",OL4 1RR,E05000735,St Mary's,E08000004,Oldham,-2.10573,53.536959
8902,Mobile Unit CO5,"Broome Street, Chadderton, Oldham",OL9 6TD,E05000723,Coldhurst,E08000004,Oldham,-2.126865,53.540577999999996
8934,St Anne`s C of E School,"Broadway, Longsight, Royton",OL2 5DH,E05000730,Royton South,E08000004,Oldham,-2.121489,53.560475
8948,The Hathershaw College,"Bellfield Avenue, Oldham",OL8 3EP,E05000728,Medlock Vale,E08000004,Oldham,-2.111893,53.522581
9214,Spring Brook Lower School,"Heron Street, Oldham",OL8 4JD,E05000727,Hollinwood,E08000004,Oldham,-2.12478,53.524375
8860,North Chadderton School,"Chadderton Hall Road, Chadderton",OL9 0BN,E05000721,Chadderton North,E08000004,Oldham,-2.151244,53.5561
8918,Fir Bank Primary School,"Grasmere Road, Royton",OL2 6SJ,E05000729,Royton North,E08000004,Oldham,-2.127578,53.576944
9023,Uppermill Civic Hall,"Lee Street, Uppermill",OL3 6AE,E05000732,Saddleworth South,E08000004,Oldham,-2.004248,53.547774
8945,The Honeywell Centre,"Schofield Street, Hathershaw, Oldham",OL8 3BP,E05000728,Medlock Vale,E08000004,Oldham,-2.11245,53.527641
9077,Mayfield Primary School,"Mayfield Road, Derker, Oldham",OL1 4LG,E05000734,St James',E08000004,Oldham,-2.09333,53.551656
8967,Freehold Community Primary Academy,"Sidmouth Street, Oldham",OL9 7RG,E05000738,Werneth,E08000004,Oldham,-2.137035,53.535902
9083,Moorside Cricket Pavillion,"Moorside Cricket and Bowling Club, Turf Pit Lane, Moorside, Oldham",OL4 2ND,E05000734,St James',E08000004,Oldham,-2.069819,53.563456
8973,Werneth Primary School,"Coppice Street, Oldham",OL8 4BL,E05000738,Werneth,E08000004,Oldham,-2.122432,53.532042
8915,Mobile Unit RN2,"Kingston Drive/Oozewood Road, Royton",OL2 5XW,E05000729,Royton North,E08000004,Oldham,-2.133771,53.572596
8930,Royton Park Bowling Club,"Bleasdale Street, Royton",OL2 6QD,E05000730,Royton South,E08000004,Oldham,-2.123687,53.569423
9049,Denshaw Village Hall,"Ripponden Road, Denshaw",OL3 5SH,E05000731,Saddleworth North,E08000004,Oldham,-2.038896,53.593131
8797,Hope Congregational Church,"Skipton Street, Oldham",OL8 2JF,E05000719,Alexandra,E08000004,Oldham,-2.094177,53.532339
8805,Alt Academy,"Alt Lane, Oldham",OL8 2EL,E05000719,Alexandra,E08000004,Oldham,-2.082235,53.52762
9148,Woodhouses Cricket Club,"Medlock Road, Woodhouses, Failsworth",M35 9WN,E05000725,Failsworth East,E08000004,Oldham,-2.137639,53.503444
8833,The Crossley Centre,"323 Denton Lane, Chadderton",OL9 9GA,E05000720,Chadderton Central,E08000004,Oldham,-2.142701,53.538295
9016,Zion Methodist Church Hall,"Chapel Street, Lees",OL4 4NA,E05000733,Saddleworth West and Lees,E08000004,Oldham,-2.06946,53.5381
9008,Springhead Children Centre,"Cooper Street, Springhead, Oldham",OL4 4QT,E05000733,Saddleworth West and Lees,E08000004,Oldham,-2.059821,53.540217
8956,Medlock Valley Community School,"Deanshut Road, Fitton Hill, Oldham",OL8 2PN,E05000728,Medlock Vale,E08000004,Oldham,-2.098651,53.522961
8911,Thornham St James Primary School,"Castleton Road, Royton",OL2 6XT,E05000729,Royton North,E08000004,Oldham,-2.129663,53.582362
9110,Salvation Army,"203 Roundthorn Road, Oldham",OL4 5LF,E05000735,St Mary's,E08000004,Oldham,-2.089207,53.536298
9189,Canterbury Hall,"Holy Family Community Centre, Lord Lane, Failsworth",M35 0GQ,E05000726,Failsworth West,E08000004,Oldham,-2.156016,53.499161
9222,Common Room,"Clough Gate House, Hollins Road, Oldham",OL8 3UX,E05000727,Hollinwood,E08000004,Oldham,-2.127489,53.522349
9096,Al-Madina Jamia Masjid,"230 Waterloo Street, Oldham",OL4 1ES,E05000735,St Mary's,E08000004,Oldham,-2.100689,53.536442
8963,Methodist Sunday School,"Keb Lane, Bardsley, Oldham",OL8 2TE,E05000728,Medlock Vale,E08000004,Oldham,-2.103741,53.513832
9117,St James Church,"St James Street, Shaw, Oldham",OL2 7TE,E05000736,Shaw,E08000004,Oldham,-2.09356,53.580598
9121,Shaw Lifelong Learning Centre,"High Street, Shaw",OL2 8TB,E05000736,Shaw,E08000004,Oldham,-2.0953,53.575482
8926,St Paul`s C of E Primary School,"Hindle Drive, Royton",OL2 5LU,E05000729,Royton North,E08000004,Oldham,-2.130631,53.562982
9104,Glodwick Infant and Nursery School,"Nursery Building, Pitt Street East, Oldham",OL4 1AJ,E05000735,St Mary's,E08000004,Oldham,-2.095329,53.535689
8842,Mobile Unit CN2,"Near Toby Carvery, Burnley Lane, Chadderton",OL1 2QS,E05000721,Chadderton North,E08000004,Oldham,-2.144708,53.555982
9000,Springhead Football Club,"Off St John Street, Lees, Oldham",OL4 3DR,E05000733,Saddleworth West and Lees,E08000004,Oldham,-2.068213,53.541624
8809,St Pauls` Church,"Community Room, Ashton Road, Oldham",OL8 1LD,E05000719,Alexandra,E08000004,Oldham,-2.113622,53.531495
9134,Elim Four Square Church,"Greenacres Road, Greenacres, Oldham",OL4 2BA,E05000737,Waterhead,E08000004,Oldham,-2.087536,53.54509
9080,Fresh Church,"105 Coleridge Road, Oldham",OL1 4RJ,E05000734,St James',E08000004,Oldham,-2.073586,53.568091
9045,Greenfield Methodist Church,"Chew Valley Road, Greenfield, Oldham",OL3 7JJ,E05000732,Saddleworth South,E08000004,Oldham,-2.006329,53.536116
8880,Stanley Road Primary School,"Derby Street, Chadderton, Oldham",OL9 7HX,E05000722,Chadderton South,E08000004,Oldham,-2.139894,53.529167
9039,Christ Church Friezland,"Church Road, Greenfield",OL3 7LQ,E05000732,Saddleworth South,E08000004,Oldham,-2.024931,53.534567
8829,Chadderton Over 60`S Centre,"298A Broadway, Chadderton, Oldham",OL9 9QU,E05000720,Chadderton Central,E08000004,Oldham,-2.152348,53.535695
8876,South Chadderton Youth Centre,"Lancaster Street, Chadderton, Oldham",OL9 8LE,E05000722,Chadderton South,E08000004,Oldham,-2.148882,53.52814
9106,Pakistani Community Centre,"Marlborough Street, Glodwick, Oldham",OL4 1EG,E05000735,St Mary's,E08000004,Oldham,-2.105357,53.538604
8868,Whitegate End Junior School,"Butterworth Lane, Chadderton",OL9 8EB,E05000722,Chadderton South,E08000004,Oldham,-2.161101,53.524151
9130,Parish Hall,"Waterhead Church, Waterworks Road, Oldham",OL4 2JQ,E05000737,Waterhead,E08000004,Oldham,-2.073086,53.55077
8905,Aster House,"Booth Hill Lane, Oldham",OL1 2LA,E05000723,Coldhurst,E08000004,Oldham,-2.119852,53.552666
8982,Primrose Bank Community Centre,"9 Magnolia Gardens, Primrose Bank, Werneth",OL8 1HX,E05000738,Werneth,E08000004,Oldham,-2.117248,53.534277
9092,Mount Pleasant Mission,"Lees Road, Oldham",OL4 1JW,E05000735,St Mary's,E08000004,Oldham,-2.09619,53.5427
9027,St Anne`s School - Lydgate,"Cedar Lane, Grasscroft, Oldham",OL4 4DS,E05000732,Saddleworth South,E08000004,Oldham,-2.038589,53.538887
11228,Reddish Vale Start Well Centre,"(Next to Reddish Vale Nursery School), Reddish Vale Road, Reddish, Stockport",SK5 7EU,E05000798,Reddish South,E08000007,Stockport,-2.156204,53.435541
11112,Heaton Mersey Sports & Social Club,"Harwood Road, Heaton Mersey, Stockport",SK4 3AW,E05000792,Heatons South,E08000007,Stockport,-2.209872,53.412689
11008,Adswood Community Centre,"213, Garners Lane, Adswood, Stockport",SK3 8QJ,E05000787,Davenport and Cale Green,E08000007,Stockport,-2.167145,53.38901
11190,Offerton Community Centre,"Mallowdale Road, Offerton, Stockport",SK2 5NX,E05000796,Offerton,E08000007,Stockport,-2.121275,53.39123
10953,The Bowling Pavilion,"Gatley Recreation Ground, Northenden Road, Gatley, Stockport",SK8 4EL,E05000784,Cheadle and Gatley,E08000007,Stockport,-2.239358,53.393606
10853,2ND Bramhall Scout Headquarters,"Fir Road, Bramhall, Stockport",SK7 2NP,E05000779,Bramhall North,E08000007,Stockport,-2.1589,53.371494
10912,Mobile Polling Station,"Brecon Towers, Blackberry Lane, Brinnington, Stockport",SK5 8JW,E05000783,Brinnington and Central,E08000007,Stockport,-2.133096,53.434589
11064,Heald Green Methodist Church,"Brown Lane, Heald Green, Stockport",SK8 3RR,E05000790,Heald Green,E08000007,Stockport,-2.23711,53.373332
10908,The Cherry Tree Project Hub,"2 Cherry Tree Lane, Romiley",SK6 4ER,E05000782,Bredbury Green and Romiley,E08000007,Stockport,-2.073456,53.414812
11080,West Heatons Tennis Club,"Princes Road, Stockport",SK4 3NQ,E05000791,Heatons North,E08000007,Stockport,-2.195368,53.421892
11145,Ludworth and Mellor Womens Institute,"Lower Fold, Marple Bridge, Stockport",SK6 5DX,E05000794,Marple North,E08000007,Stockport,-2.051975,53.405215
11193,St Philips RC Church,"Half Moon Lane, Offerton, Stockport",SK2 5LB,E05000796,Offerton,E08000007,Stockport,-2.117947,53.394363
11013,Davenport Methodist Church,"Garners Lane, Stockport",SK3 8QS,E05000787,Davenport and Cale Green,E08000007,Stockport,-2.16237,53.390725
11181,St Johns Church,"Marple Road, Offerton, Stockport",SK2 5TX,E05000796,Offerton,E08000007,Stockport,-2.116976,53.39714
10875,Hursthead Infant School,"Kirkstead Road, Cheadle Hulme",SK8 7PZ,E05000780,Bramhall South and Woodford,E08000007,Stockport,-2.181284,53.361907
10941,Mobile Polling Station,"Cambridge Road, Cheadle",SK8 4AE,E05000784,Cheadle and Gatley,E08000007,Stockport,-2.23271,53.39326
10937,Trinity Methodist/United Reform Church,"Massie Street, Cheadle, Stockport",SK8 1DU,E05000784,Cheadle and Gatley,E08000007,Stockport,-2.215548,53.392429
11012,Mobile Polling Station,"Car Park, Davenport Playing Fields, Highfield Close, Stockport",SK3 8UB,E05000787,Davenport and Cale Green,E08000007,Stockport,-2.157258,53.386687
10928,Kimberley Street Day Centre,"Shaw Heath Recreation Ground, Kimberley Street, Off Lowfield Road, Stockport",SK3 8EB,E05000783,Brinnington and Central,E08000007,Stockport,-2.161918,53.398329
10994,The Methodist Church Schoolroom,"Station Road, Cheadle Hulme, Cheadle, Stockport",SK8 7AL,E05000786,Cheadle Hulme South,E08000007,Stockport,-2.181833,53.374553
11244,Davenport Lawn Tennis Club,"Flowery Field, Woodsmoor, Stockport",SK2 7ED,E05000799,Stepping Hill,E08000007,Stockport,-2.14495,53.383916
11090,St Thomas the Apostle Church,"Wellington Road North, Heaton Chapel, Stockport",SK4 4QG,E05000791,Heatons North,E08000007,Stockport,-2.178723,53.429018
10964,All Hallows Church,"222 Councillor Lane, Cheadle, Stockport",SK8 2JG,E05000785,Cheadle Hulme North,E08000007,Stockport,-2.18959,53.388275
11132,Stockport Sunday School,"Compass Point, Nangreave Road, Stockport",SK2 6DQ,E05000793,Manor,E08000007,Stockport,-2.143293,53.396628
10920,Crescent Road Hall,"Crescent Road, Off Carrington Road, Stockport",SK1 2QQ,E05000783,Brinnington and Central,E08000007,Stockport,-2.140475,53.417394
10972,Ladybridge Park Residents Club,"Edenbridge Road, Cheadle Hulme, Stockport",SK8 5PX,E05000785,Cheadle Hulme North,E08000007,Stockport,-2.183891,53.384752
11084,Heaton Moor Library,"Balmoral Road Entrance, Heaton Moor, Stockport",SK4 3LD,E05000792,Heatons South,E08000007,Stockport,-2.190725,53.416677
10895,Community Room,"Bredbury Library, George Lane, Bredbury, Stockport",SK6 1DJ,E05000782,Bredbury Green and Romiley,E08000007,Stockport,-2.101442,53.416722
11217,North Reddish Scout & Guide Centre,"Criterion Street, Reddish, Stockport",SK5 6RZ,E05000797,Reddish North,E08000007,Stockport,-2.156384,53.447711
11248,St Saviour`s Parish Hall,"Gladstone Street, Great Moor, Stockport",SK2 7HB,E05000799,Stepping Hill,E08000007,Stockport,-2.134635,53.388386
10934,Vernon Park Primary School,"Peak Street, Stockport",SK1 2NF,E05000783,Brinnington and Central,E08000007,Stockport,-2.147827,53.411525
10947,Kingsway School (Upper),"Foxland Campus, Foxland Road, Gatley",SK8 4QX,E05000784,Cheadle and Gatley,E08000007,Stockport,-2.226631,53.386979
10993,Mobile Polling Station,"Grounds of St. James` Catholic High School, St. James Way, Cheadle Hulme, Cheadle",SK8 6PZ,E05000786,Cheadle Hulme South,E08000007,Stockport,-2.198329,53.359848
11105,1ST Heaton Norris Scout Group,"Locksley Close, Heaton Norris, Stockport",SK4 2LW,E05000792,Heatons South,E08000007,Stockport,-2.17732,53.41339
10902,Mobile Polling Station,"Grounds of Overdale Children’s Centre, Powicke Drive, Romiley, Stockport",SK6 3EF,E05000782,Bredbury Green and Romiley,E08000007,Stockport,-2.107202,53.409079
11047,St Simon`s Catholic Primary School,"Bosden Avenue, Off Bosdenfold Avenue, Hazel Grove, Stockport",SK7 4LH,E05000789,Hazel Grove,E08000007,Stockport,-2.114187,53.382709
10871,Woodford Community Centre,"Chester Road, Woodford, Stockport",SK7 1PS,E05000780,Bramhall South and Woodford,E08000007,Stockport,-2.170256,53.339873
11157,Visitors Centre,"Etherow Country Park, Compstall",SK6 5JD,E05000794,Marple North,E08000007,Stockport,-2.052679,53.41529
11160,Marple United Reformed Church,"Hibbert Lane, Marple, Stockport",SK6 7NN,E05000795,Marple South and High Lane,E08000007,Stockport,-2.065703,53.392633
10906,Guywood Centre,"21 Guywood Lane, Romiley, Stockport",SK6 4AN,E05000782,Bredbury Green and Romiley,E08000007,Stockport,-2.088667,53.415035
10917,St Luke`s Parish Hall,"Northumberland Road, Brinnington, Stockport",SK5 8LS,E05000783,Brinnington and Central,E08000007,Stockport,-2.135408,53.427926
10850,Bramhall High School,"Recreation Centre, Seal Road, Bramhall, Stockport",SK7 2JT,E05000779,Bramhall North,E08000007,Stockport,-2.153113,53.367088
10844,St Michaels Scout Centre,"St Michaels Avenue, Bramhall, Stockport",SK7 2PG,E05000779,Bramhall North,E08000007,Stockport,-2.16323,53.363982
10943,Bethany Church,"100 Church Road, Gatley, Cheadle, Stockport",SK8 4NQ,E05000784,Cheadle and Gatley,E08000007,Stockport,-2.236717,53.391911
11030,Lark Hill Nursery School,"Northgate Road, Edgeley, Stockport",SK3 9PH,E05000788,Edgeley and Cheadle Heath,E08000007,Stockport,-2.177841,53.404725
11027,Salvation Army Church,"121 Stockport Road, Cheadle Heath, Stockport",SK3 0JE,E05000788,Edgeley and Cheadle Heath,E08000007,Stockport,-2.187895,53.403135
10925,Elim Church,"Mottram Street, (Off Middle Hillgate), Stockport",SK1 3PA,E05000783,Brinnington and Central,E08000007,Stockport,-2.155177,53.405835
11255,Moorfield Primary School,"Lyndhurst Avenue, Hazel Grove, Stockport",SK7 5HP,E05000799,Stepping Hill,E08000007,Stockport,-2.13337,53.373152
11102,Mersey Vale Primary School,"Valley Road, Heaton Mersey, Stockport",SK4 2BZ,E05000792,Heatons South,E08000007,Stockport,-2.191548,53.408991
10930,Learners Lounge,"Stonemill Terrace, Stockport",SK5 7RZ,E05000783,Brinnington and Central,E08000007,Stockport,-2.158635,53.417426
11060,3RD Hazel Grove Scout Hq,"Macclesfield Road, Near Haddon Road, Hazel Grove, Stockport",SK7 6BD,E05000789,Hazel Grove,E08000007,Stockport,-2.113422,53.372067
10838,Nevill Road Junior School,"Nevill Road, Bramhall, Stockport",SK7 3ET,E05000779,Bramhall North,E08000007,Stockport,-2.16327,53.37831
11178,St Pauls Church Schoolroom,"Strines Road, Strines, Marple, Stockport",SK6 7GB,E05000795,Marple South and High Lane,E08000007,Stockport,-2.043746,53.37507
10879,Harpers Community Event Space,"13 Lower Bents Lane, Bredbury, Stockport",SK6 2NL,E05000781,Bredbury and Woodley,E08000007,Stockport,-2.110736,53.420266
11168,Hawk Green Reading Room,"Upper Hibbert Lane, Hawk Green, Stockport",SK6 7HX,E05000795,Marple South and High Lane,E08000007,Stockport,-2.064474,53.385335
11199,Reddish Library,"Gorton Road, Reddish, Stockport",SK5 6UG,E05000797,Reddish North,E08000007,Stockport,-2.158377,53.441183
11241,St Anne`s R.C. Voluntary Academy,"Glenfield Road, Heaton Chapel, Stockport",SK4 2QN,E05000798,Reddish South,E08000007,Stockport,-2.17163,53.420453
10898,The Hub,"(formerly the Highgate Centre), Bents Avenue, Bredbury, Stockport",SK6 2LF,E05000782,Bredbury Green and Romiley,E08000007,Stockport,-2.106756,53.417304
11207,Vale View Primary School,"Mill Lane, North Reddish, Stockport",SK5 6TP,E05000797,Reddish North,E08000007,Stockport,-2.15181,53.444283
11176,Community Room at High Lane Library,"High Lane Library, Buxton Road, High Lane, Stockport",SK6 8DX,E05000795,Marple South and High Lane,E08000007,Stockport,-2.069492,53.364361
11050,Hazel Grove Methodist Church,"Wesley street, Hazel Grove, Stockport",SK7 4JQ,E05000789,Hazel Grove,E08000007,Stockport,-2.118903,53.381095
11225,Broadstone Hall Primary School,"Broadstone Hall Road South, Heaton Chapel, Stockport",SK4 5JD,E05000798,Reddish South,E08000007,Stockport,-2.166722,53.430763
11139,Rose Hill Primary School,"Elmfield Drive Rose Hill, Marple, Stockport",SK6 6DW,E05000794,Marple North,E08000007,Stockport,-2.074538,53.397104
11097,Mobile Polling Station,"Adjacent to Marbury Green, Stockport",SK4 5NL,E05000791,Heatons North,E08000007,Stockport,-2.172507,53.43577
11184,Dialstone Methodist Church,"Dialstone Lane, Stockport",SK2 7LQ,E05000796,Offerton,E08000007,Stockport,-2.131207,53.393172
10950,Kingsway School (Lower),"Broadway Campus, High Grove Road, Cheadle",SK8 1NP,E05000784,Cheadle and Gatley,E08000007,Stockport,-2.220839,53.389264
11071,Heald Green Village Hall,"Outwood Road, Heald Green, Stockport",SK8 3JL,E05000790,Heald Green,E08000007,Stockport,-2.230074,53.367485
11201,St Joseph`s Catholic Primary School,"Reddish, Higginson Road, Off Gorton Road, Reddish, Stockport",SK5 6BG,E05000797,Reddish North,E08000007,Stockport,-2.161708,53.438552
11004,Chelwood Baptist Church,"Adswood Road, Cheadle Hulme, Stockport",SK8 5QA,E05000785,Cheadle Hulme North,E08000007,Stockport,-2.178652,53.386611
11213,Reddish Northend Football Club,"Mike Doyle Centre, Browning Road, Reddish, Stockport",SK5 6JW,E05000797,Reddish North,E08000007,Stockport,-2.166547,53.447499
11210,St Agnes` Church,"Gorton Road, St Agnes Street, Reddish, Stockport",SK5 6QU,E05000797,Reddish North,E08000007,Stockport,-2.157273,53.451988
10975,Emmanuel C of E Church-Main Building,"Bruntwood Lane, Cheadle",SK8 6BE,E05000786,Cheadle Hulme South,E08000007,Stockport,-2.210098,53.372924
10857,Mobile Polling Station,"Dean Moor Road, Hazel Grove, Stockport",SK7 5LW,E05000779,Bramhall North,E08000007,Stockport,-2.145779,53.37596
10880,St Barnabas Church Hall,"Osborne Street, Bredbury, Stockport",SK6 2DA,E05000781,Bredbury and Woodley,E08000007,Stockport,-2.125366,53.416441
11024,Alexandra Park Primary School,"Bombay Road, Edgeley, Stockport",SK3 9RF,E05000788,Edgeley and Cheadle Heath,E08000007,Stockport,-2.176585,53.399387
11041,Norbury Hall Primary School,"Shepley Drive, Hazel Grove, Stockport",SK7 6LE,E05000789,Hazel Grove,E08000007,Stockport,-2.120774,53.373138
11172,High Lane Village Hall,"Windlehurst Road, High Lane, Stockport",SK6 8AB,E05000795,Marple South and High Lane,E08000007,Stockport,-2.078649,53.367349
11086,St Paul`s Church Schoolroom,"St. Pauls Road, Heaton Moor, Stockport",SK4 4RY,E05000791,Heatons North,E08000007,Stockport,-2.186039,53.422373
11003,Edgeley Library,"Edgeley Road, Edgeley, Stockport",SK3 9NB,E05000788,Edgeley and Cheadle Heath,E08000007,Stockport,-2.172922,53.400921
11075,Outwood Primary School,"Outwood Road, Heald Green, Cheadle",SK8 3ND,E05000790,Heald Green,E08000007,Stockport,-2.218986,53.362131
11054,The Civic Hall - Hazel Grove,"London Road, Hazel Grove, Stockport",SK7 4DF,E05000789,Hazel Grove,E08000007,Stockport,-2.120612,53.379413
11153,Jubilee Methodist Church Hall,"Cote Green Lane, Marple Bridge, Stockport",SK6 5EB,E05000794,Marple North,E08000007,Stockport,-2.049661,53.408809
10983,Emmanuel C of E Church - Main Building,"Bruntwood Lane, Cheadle, Stockport",SK8 6BE,E05000786,Cheadle Hulme South,E08000007,Stockport,-2.210098,53.372924
11232,Triangle Church (Lancashire Hill S. S.),"Sandy Lane, South Reddish, Stockport",SK5 7NZ,E05000798,Reddish South,E08000007,Stockport,-2.159367,53.419941
11034,Edgeley Community Church,"Edgeley Road, Edgeley, Stockport",SK3 9NB,E05000788,Edgeley and Cheadle Heath,E08000007,Stockport,-2.172922,53.400921
11108,Heaton Mersey Methodist Church,"Cavendish Road, Heaton Mersey, Stockport",SK4 3DP,E05000792,Heatons South,E08000007,Stockport,-2.201002,53.413766
10961,St Cuthberts Church,"Cuthbert Road, Cheadle",SK8 2DT,E05000785,Cheadle Hulme North,E08000007,Stockport,-2.205477,53.396456
11136,Quaker Meeting House,"2 Cooper Street, Stockport",SK1 3DW,E05000783,Brinnington and Central,E08000007,Stockport,-2.154275,53.401585
11119,Woodbank Community Centre,"Turncroft Lane, Stockport",SK1 4BN,E05000793,Manor,E08000007,Stockport,-2.139161,53.40687
10884,St Mark`s Parish Hall,"Redhouse Lane, Bredbury, Stockport",SK6 1BX,E05000781,Bredbury and Woodley,E08000007,Stockport,-2.105342,53.423372
10903,St Chads Church,"Church Lane, Romiley, Stockport",SK6 4AA,E05000782,Bredbury Green and Romiley,E08000007,Stockport,-2.090272,53.412841
11016,Stockport Cricket Club,"Beech Road, Cale Green, Stockport",SK3 8HD,E05000787,Davenport and Cale Green,E08000007,Stockport,-2.156521,53.394795
10998,The Methodist Church Lounge Area,"Station Road, Cheadle Hulme, Cheadle, Stockport",SK8 7AL,E05000786,Cheadle Hulme South,E08000007,Stockport,-2.181833,53.374553
11038,Our Lady`s Catholic Primary School,"Old Chapel Street, Edgeley, Stockport",SK3 9HX,E05000788,Edgeley and Cheadle Heath,E08000007,Stockport,-2.163695,53.403073
11068,Etchells Primary School,"East Avenue Finney Lane, Heald Green, Cheadle",SK8 3DL,E05000790,Heald Green,E08000007,Stockport,-2.219003,53.371246
11122,Stockport Lads Club,"Hempshaw Lane, Stockport",SK1 4NT,E05000793,Manor,E08000007,Stockport,-2.140331,53.401287
10847,Brownie Hut,"Bramhall Green Roundabout, Behind Bridge News, Bridge Lane, Bramhall",SK7 3AB,E05000779,Bramhall North,E08000007,Stockport,-2.157436,53.374012
11057,1ST Norbury Scout Group,"School Street, Hazel Grove, Stockport",SK7 4RA,E05000789,Hazel Grove,E08000007,Stockport,-2.117912,53.376538
11129,St Andrew`s Community Church Hall,"Hall Street, Stockport",SK1 4DA,E05000793,Manor,E08000007,Stockport,-2.146986,53.407823
11079,Mobile Polling Station,"At Junction Of, Bradgate Avenue, And Bradshaw Hall Lane, Heald Green",SK8 3AG,E05000790,Heald Green,E08000007,Stockport,-2.214398,53.370193
11235,St Mary`s Church Hall,"St. Mary`s Drive, South Reddish, Stockport",SK5 7AX,E05000798,Reddish South,E08000007,Stockport,-2.155878,53.42923
10892,Woodley Primary School,"Sherwood Road, Woodley, Stockport",SK6 1LH,E05000781,Bredbury and Woodley,E08000007,Stockport,-2.092605,53.427463
10999,Bridge Hall Community Centre,"Siddington Avenue, Bridge Hall, Stockport",SK3 8NR,E05000787,Davenport and Cale Green,E08000007,Stockport,-2.172504,53.394252
10922,The Pavilion,"Heaton Norris Park, Love Lane, Off Parsonage Street, Southdown Close, Stockport",SK4 1JA,E05000783,Brinnington and Central,E08000007,Stockport,-2.163802,53.415216
11252,Great Moor Junior School,"Southwood Road, Great Moor, Stockport",SK2 7DG,E05000799,Stepping Hill,E08000007,Stockport,-2.138318,53.388202
11125,1ST Offerton Scout Group,"Behind St Albans Parish Hall, Off Offerton Lane, Offerton, Stockport",SK2 5AG,E05000793,Manor,E08000007,Stockport,-2.132487,53.40348
10957,Oak Tree Primary School,"After School Club Building, Buckingham Road, Cheadle Hulme, Stockport",SK8 5HH,E05000785,Cheadle Hulme North,E08000007,Stockport,-2.196444,53.381531
10865,Moss Hey Primary School,"Eskdale Avenue, Bramhall, Stockport",SK7 1DS,E05000780,Bramhall South and Woodford,E08000007,Stockport,-2.176658,53.355154
11149,Mellor Sports Club,"Longhurst Lane, Mellor, Stockport",SK6 5PN,E05000794,Marple North,E08000007,Stockport,-2.038201,53.393085
11094,Heaton Moor United Church,"Stanley Road, Heaton Moor, Stockport",SK4 4HL,E05000791,Heatons North,E08000007,Stockport,-2.184995,53.420686
11116,Emmanuel Community Church,"55 Green Lane, Heaton Moor, Stockport",SK4 3LH,E05000792,Heatons South,E08000007,Stockport,-2.184768,53.416903
11187,Warren Wood Primary School,"Turnstone Road, Offerton, Stockport",SK2 5XU,E05000796,Offerton,E08000007,Stockport,-2.105129,53.392011
10888,Woodley Civic Hall,"Hyde Road, Woodley, Stockport",SK6 1QG,E05000781,Bredbury and Woodley,E08000007,Stockport,-2.103478,53.424747000000004
11164,Guide Headquaters,"Brickbridge Road, Marple, Stockport",SK6 7BQ,E05000795,Marple South and High Lane,E08000007,Stockport,-2.059807,53.391575
11023,London Midland Railway Club,"Railway Club, 265 Edgeley Road, Cheadle Heath, Stockport",SK3 9RW,E05000788,Edgeley and Cheadle Heath,E08000007,Stockport,-2.181542,53.398014
11293,Mobile Polling Station,"Junction of, Broadway, and Beauvale Avenue, Offerton",SK2 5SF,E05000796,Offerton,E08000007,Stockport,-2.129947,53.399052
10859,Centenary Hall,"Benja Fold, off Ack Lane East, Bramhall, Stockport",SK7 2BX,E05000780,Bramhall South and Woodford,E08000007,Stockport,-2.16625,53.360104
11142,Marple Senior Citizens Hall,"Memorial Park, Marple, Stockport",SK6 6BA,E05000794,Marple North,E08000007,Stockport,-2.06225,53.396248
10968,Cheadle Heath Sports Club,"New Function Room, Norbeck Avenue, Cheadle, Stockport",SK8 2ET,E05000785,Cheadle Hulme North,E08000007,Stockport,-2.190768,53.396183
11239,Bairstow Club,"Rupert Street, Off Reddish Road, Houldsworth Square, Reddish, Stockport",SK5 6DL,E05000797,Reddish North,E08000007,Stockport,-2.162108,53.436378
10914,Westmorland Primary School,"Drama Room, Westmorland Drive, Brinnington, Stockport",SK5 8HH,E05000783,Brinnington and Central,E08000007,Stockport,-2.136771,53.430801
11098,St Martins Church Hall,"112 Crescent Park, Norris Bank, Stockport",SK4 2JE,E05000792,Heatons South,E08000007,Stockport,-2.180354,53.412172
10986,Thorn Grove Primary School,"Woodstock Avenue, Cheadle Hulme, Cheadle",SK8 7LD,E05000786,Cheadle Hulme South,E08000007,Stockport,-2.190453,53.362567
10868,Bramhall Village Club,"Lumb Lane, Bramhall, Stockport",SK7 1LR,E05000780,Bramhall South and Woodford,E08000007,Stockport,-2.159267,53.35703
11044,Torkington Primary School,"Torkington Road, Hazel Grove, Stockport",SK7 6NR,E05000789,Hazel Grove,E08000007,Stockport,-2.10325,53.379645
11221,All Saints Church,"All Saints Road, Heaton Norris, Stockport",SK4 1QA,E05000798,Reddish South,E08000007,Stockport,-2.166185,53.420417
10862,Fords Lane Evangelical Church,"Fords Lane, Bramhall, Stockport",SK7 1DQ,E05000780,Bramhall South and Woodford,E08000007,Stockport,-2.172567,53.357983
10978,Cheadle Hulme United Reformed Church,"65 Swann Lane, Cheadle Hulme, Stockport",SK8 7HU,E05000786,Cheadle Hulme South,E08000007,Stockport,-2.184371,53.370477
14581,Oakfield Primary School (Nursery Building),"St. Marys Road, Hyde, Cheshire",SK14 4EZ,E05000812,Hyde Newton,E08000008,Tameside,-2.069414,53.464395
14446,Corrie Primary School,"Cemetery Road, Denton, Manchester",M34 6FG,E05000805,Denton South,E08000008,Tameside,-2.111991,53.445154
14379,St Stephen`s Church,"Audenshaw Road, Guide Bridge, Audenshaw, Manchester",M34 5HJ,E05000816,St Peter's,E08000008,Tameside,-2.11912,53.474917
14588,Dowson Primary School,"Malborough Road, Hyde, Cheshire",SK14 5HU,E05000813,Hyde Werneth,E08000008,Tameside,-2.075112,53.441228
14810,Mobile at Park Road,"Park Road, Dukinfield",SK16 5LP,E05000809,Dukinfield,E08000008,Tameside,-2.07889,53.481196
14442,Haughton Green Methodist Church Hall,"Two Trees Lane, Denton, Manchester",M34 7AJ,E05000805,Denton South,E08000008,Tameside,-2.099328,53.445022
14469,Victoria Park Community Centre,"Town Hall Car Park, Market Street, Denton",M34 2AP,E05000804,Denton North East,E08000008,Tameside,-2.114349,53.454912
14642,St George's Church (Community Room),"Church Walk, Stalybridge, Cheshire",SK15 1DL,E05000817,Stalybridge North,E08000008,Tameside,-2.058661,53.486719
14495,Mobile on Land at Kershaw Street,"Kershaw Street, Droylsden, Manchester",M43 6FQ,E05000807,Droylsden East,E08000008,Tameside,-2.153139,53.479335
14537,Rayner Stephens,"West Car Park, Yew Tree Lane, Dukinfield",SK16 5BL,E05000810,Dukinfield Stalybridge,E08000008,Tameside,-2.071215,53.4694
14334,Hazelhurst Hub,"Gorsey Lane, Ashton-under-Lyne, Lancashire",OL6 9AU,E05000800,Ashton Hurst,E08000008,Tameside,-2.064867,53.504396
14532,Dukinfield Town Hall,"King Street, Dukinfield, Cheshire",SK16 4LA,E05000809,Dukinfield,E08000008,Tameside,-2.092384,53.478024
14472,Greswell Primary School,"Percy Road, Denton, Manchester",M34 2DH,E05000806,Denton West,E08000008,Tameside,-2.119259,53.449129
14577,St Mary's Church Parish Hall,"Talbot Road, Hyde, Cheshire",SK14 4HJ,E05000812,Hyde Newton,E08000008,Tameside,-2.061235,53.464301
14394,Waterloo Primary School (Nursery Building),"Worthington Street, Ashton-under-Lyne, Lancashire",OL7 9NA,E05000802,Ashton Waterloo,E08000008,Tameside,-2.105244,53.499235
14411,Ryecroft Hall,"Manchester Road, Audenshaw, Manchester",M34 5ZJ,E05000803,Audenshaw,E08000008,Tameside,-2.13032,53.477034
14518,Mobile on Peakdale Road,"Peakdale Road, Droylsden",M43 6JZ,E05000808,Droylsden West,E08000008,Tameside,-2.164944,53.488534
14598,Hyde Town Hall,"Market Street, Hyde, Cheshire",SK14 1AL,E05000811,Hyde Godley,E08000008,Tameside,-2.080053,53.45087
14624,Mossley Youth Base adjacent to,"Micklehurst All Saint's C.of E. Primary School, The Rowans, Mossley, Ashton-under-Lyne",OL5 9DR,E05000815,Mossley,E08000008,Tameside,-2.031692,53.516157
14372,West End Methodist Church Hall,"Trafalgar Square, Ashton-under-Lyne, Lancashire",OL7 0LL,E05000816,St Peter's,E08000008,Tameside,-2.108646,53.47995
14439,St Anne's Primary School,"St. Annes Road, Denton, Manchester",M34 3DY,E05000804,Denton North East,E08000008,Tameside,-2.102328,53.459131
14519,Dukinfield Library,"Concord Way, Dukinfield, Cheshire",SK16 4DB,E05000809,Dukinfield,E08000008,Tameside,-2.083416,53.476538
14546,St John's Church Centre,"Vicarage Drive, Dukinfield, Cheshire",SK16 5HZ,E05000810,Dukinfield Stalybridge,E08000008,Tameside,-2.076049,53.476741
14622,Meeting Point at St Barnabas Church,"Hattersley Road East, Hyde, Cheshire",SK14 3EQ,E05000811,Hyde Godley,E08000008,Tameside,-2.028374,53.449671
14418,Audenshaw Primary School,"Ash Street, Audenshaw, Manchester",M34 5NG,E05000803,Audenshaw,E08000008,Tameside,-2.126946,53.472194
14436,Linden Road Primary School,"Linden Road, Denton, Manchester",M34 6EF,E05000804,Denton North East,E08000008,Tameside,-2.104066,53.455399
14509,Droylsden Resource Centre,"Corner of Ash Road & Manor Road, Droylsden, Manchester",M43 6QU,E05000808,Droylsden West,E08000008,Tameside,-2.158027,53.48457
14337,Hurst Knoll St James C.of E. Primary School,"Ladbrooke Road, Ashton-under-Lyne, Lancashire",OL6 8JS,E05000800,Ashton Hurst,E08000008,Tameside,-2.086002,53.495889
14321,Hurst Nook Sunday School,"Nook Lane, Ashton-Under-Lyne, Lancashire",OL6 9HQ,E05000800,Ashton Hurst,E08000008,Tameside,-2.075193,53.503671
14659,Staley Cricket Club,"Oxford Street, Off Stamford Street, Millbrook, Stalybridge",SK15 3JJ,E05000818,Stalybridge South,E08000008,Tameside,-2.031781,53.494801
14511,Manchester Road Primary Academy,"Manchester Road, Droylsden, Manchester",M43 6GD,E05000808,Droylsden West,E08000008,Tameside,-2.159519,53.480515
14550,Godley Community Primary School,"St John's Drive, Hyde, Cheshire",SK14 2QB,E05000811,Hyde Godley,E08000008,Tameside,-2.066039,53.453503
14525,Old Hall Chapel,"Dewsnap Lane, Dukinfield, Cheshire",SK16 4UH,E05000809,Dukinfield,E08000008,Tameside,-2.087649,53.468814
14369,West End Primary Academy,"William Street, Ashton-under-Lyne, Lancashire",OL7 0BJ,E05000816,St Peter's,E08000008,Tameside,-2.111295,53.484327
14556,Zion Congregational Church,"Peel Street, Hyde, Cheshire",SK14 5PE,E05000811,Hyde Godley,E08000008,Tameside,-2.067834,53.445987
14563,The United Church,"Union Street, Hyde, Cheshire",SK14 1NG,E05000811,Hyde Godley,E08000008,Tameside,-2.077084,53.449496
14428,Carmel Christian Centre,"Seymour Street, Denton, Manchester",M34 3PF,E05000804,Denton North East,E08000008,Tameside,-2.123229,53.457754
14612,Hollingworth Community Centre,"Cannon Street, Hollingworth, Hyde, Cheshire",SK14 8LR,E05000814,Longdendale,E08000008,Tameside,-1.995832,53.461385
14663,Childrens Centre,"The Copley Youth Centre, Huddersfield Road, Stalybridge, Cheshire",SK15 3ET,E05000818,Stalybridge South,E08000008,Tameside,-2.032021,53.493417
14413,St Anne's R.C. Primary School,"Booth Road, Audenshaw, Manchester",M34 5QA,E05000803,Audenshaw,E08000008,Tameside,-2.146516,53.47228
14592,Werneth House,"Wych Fold, Hyde, Cheshire",SK14 5ED,E05000813,Hyde Werneth,E08000008,Tameside,-2.072528,53.435342
14398,Waterloo Methodist Church,"Vale Street, Ashton-under-Lyne, Lancashire",OL7 9QE,E05000802,Ashton Waterloo,E08000008,Tameside,-2.103746,53.50285
14478,Medlock Leisure Centre,"Garden Fold Way, Droylsden",M43 7XU,E05000807,Droylsden East,E08000008,Tameside,-2.140716,53.486154
14656,Reach Church,"Kelvin Works, Huddersfield Road, Millbrook, Stalybridge",SK15 3JL,E05000818,Stalybridge South,E08000008,Tameside,-2.030305,53.49615
14393,Mobile Opp Junction of Crowhill Road/Patterdale Rd,"Patterdale Road, Ashton-under-Lyne",OL7 9JA,E05000802,Ashton Waterloo,E08000008,Tameside,-2.107428,53.49828
14630,The George Lawton Hall,"Stamford Street, Mossley, Ashton-Under-Lyne, Lancashire",OL5 0HR,E05000815,Mossley,E08000008,Tameside,-2.046067,53.51893
14631,Mossley Community Centre,"Roughtown Road, Mossley, Ashton-under-Lyne, Lancashire",OL5 0SG,E05000815,Mossley,E08000008,Tameside,-2.038332,53.523561
14408,Aldwyn Primary School,"Lumb Lane, Audenshaw, Manchester",M34 5SF,E05000803,Audenshaw,E08000008,Tameside,-2.131595,53.480241
14669,Priory Tennis Club,"Cheethams Park, Mottram Road, Stalybridge, Cheshire",SK15 2QX,E05000818,Stalybridge South,E08000008,Tameside,-2.045541,53.479228
14331,Holden Clough Community Primary School,"Off St Albans Avenue, Ashton-under-Lyne, Lancashire",OL6 8XN,E05000800,Ashton Hurst,E08000008,Tameside,-2.083524,53.508456
14573,St Paul's Catholic Primary School,"Nursery Unit, Turner Lane, Hyde, Cheshire",SK14 4AG,E05000812,Hyde Newton,E08000008,Tameside,-2.067747,53.457915
14672,Stalyhill Infants School,"Stalyhill Drive, Stalybridge, Cheshire",SK15 2TR,E05000818,Stalybridge South,E08000008,Tameside,-2.028524,53.470821
14566,Endeavour Academy,"Walker Lane, Hyde, Cheshire",SK14 5PL,E05000811,Hyde Godley,E08000008,Tameside,-2.069419,53.449194
14599,St George's Church,"Church Street, Hyde, Cheshire",SK14 1JZ,E05000813,Hyde Werneth,E08000008,Tameside,-2.07702,53.44751
14389,Canon Johnson C.of E. Primary School,"Elgin Street, Ashton-under-Lyne, Lancashire",OL7 9DD,E05000802,Ashton Waterloo,E08000008,Tameside,-2.099263,53.494242
14462,Denton West Community Centre,"Hulme Road, Denton, Manchester",M34 2WZ,E05000806,Denton West,E08000008,Tameside,-2.143355,53.455134
14649,Buckton Vale Primary School,"Swallow Lane, Stalybridge, Cheshire",SK15 3NU,E05000817,Stalybridge North,E08000008,Tameside,-2.021025,53.507495
14503,Mobile opposite LARA Centre,"Somerset Road, Droylsden, Manchester",M43 7PX,E05000808,Droylsden West,E08000008,Tameside,-2.150977,53.489586
14646,Ridge Hill Children's Centre,"Ridge Hill Primary School, School Crescent, Stalybridge, Cheshire",SK15 1EA,E05000817,Stalybridge North,E08000008,Tameside,-2.060719,53.492561
14458,Yew Tree Community Centre,"Circular Road, Denton, Manchester",M34 6EY,E05000805,Denton South,E08000008,Tameside,-2.117238,53.447989
14358,Ashton Sixth Form College (Reception Area),"Darnton Road, Ashton-under-Lyne, Lancashire",OL6 9RL,E05000801,Ashton St Michael's,E08000008,Tameside,-2.075504,53.492067
14678,Holy Trinity Community Centre,"Holy Trinity Church & Community Centre, Dean Street, Ashton-Under-Lyne",OL6 7HD,E05000816,St Peter's,E08000008,Tameside,-2.102777,53.488819
14405,St Hilda's Church,"Denton Road, Audenshaw, Manchester",M34 5EU,E05000803,Audenshaw,E08000008,Tameside,-2.118048,53.463332
14569,Hyde Flowery Centre,"Old Road, Hyde, Cheshire",SK14 4SQ,E05000812,Hyde Newton,E08000008,Tameside,-2.0810940000000002,53.459892
14476,Holy Family R.C. Church Hall,"Wainwright Avenue, Denton, Manchester",SK5 6QR,E05000806,Denton West,E08000008,Tameside,-2.155634,53.452431
14432,Thorpe House,"Thorpe Close, Denton",M34 3HN,E05000804,Denton North East,E08000008,Tameside,-2.109861,53.460156
14609,Ken Ward Sports Centre,"Margaret Oldham Suite, Hattersley Road East, Hyde",SK14 3NL,E05000811,Hyde Godley,E08000008,Tameside,-2.029351,53.447073
14386,Ryecroft House,"Bollington Street, Ashton-under-Lyne, Lancashire",OL7 0SA,E05000816,St Peter's,E08000008,Tameside,-2.104841,53.482714
14506,St Martin's Church Hall,"Greenside Lane, Droylsden, Manchester",M43 7QS,E05000808,Droylsden West,E08000008,Tameside,-2.157,53.488399
14488,Moorside Primary Academy,"Market Street, Droylsden, Manchester",M43 7DA,E05000807,Droylsden East,E08000008,Tameside,-2.142048,53.483188
14635,Mobile at Roaches Lock Inn,"Manchester Road, Mossley, Ashton-under-Lyne, Lancashire",OL5 9BB,E05000815,Mossley,E08000008,Tameside,-2.031138,53.525981
14666,St Paul's C.of E. Primary School,"Huddersfield Road, Stalybridge, Cheshire",SK15 2PT,E05000818,Stalybridge South,E08000008,Tameside,-2.046286,53.484945
14533,Stalybridge Unitarian Church,"Forester Drive, Stalybridge, Cheshire",SK15 2DN,E05000810,Dukinfield Stalybridge,E08000008,Tameside,-2.058861,53.479106
14382,Poplar Street Primary School(Childrens Centre),"Ravenwood Drive, Audenshaw, Manchester",M34 5EF,E05000803,Audenshaw,E08000008,Tameside,-2.114899,53.468584
14466,St George's Centre,"Windmill Lane, Denton, Manchester",M34 2JE,E05000806,Denton West,E08000008,Tameside,-2.139349,53.4505
14345,Hurst Community Centre,"Kings Road, Ashton-under-Lyne, Lancashire",OL6 8EZ,E05000801,Ashton St Michael's,E08000008,Tameside,-2.081998,53.498956
14596,Mobile near former Cheetham Fold Post Office,"Waverley Road, Hyde",SK14 5AU,E05000813,Hyde Werneth,E08000008,Tameside,-2.079599,53.441853
14514,St Stephen's R.C. Primary School,"Chappell Road, Droylsden, Manchester",M43 7NA,E05000808,Droylsden West,E08000008,Tameside,-2.148971,53.484753
14585,Youth Centre,"Lower Bennett Street, Hyde, Cheshire",SK14 4PP,E05000812,Hyde Newton,E08000008,Tameside,-2.086609,53.461058
14602,Broadbottom Community Centre,"Lower Market Street, Broadbottom, Hyde",SK14 6AA,E05000814,Longdendale,E08000008,Tameside,-2.008978,53.440065
14615,Mottram Community Centre,"Church Brow, Mottram, Hyde, Cheshire",SK14 6JJ,E05000814,Longdendale,E08000008,Tameside,-2.010774,53.454878
14341,Broadoak & Smallshaw Community Centre,"Broadoak Road, Ashton-under-Lyne, Lancashire",OL6 8RS,E05000800,Ashton Hurst,E08000008,Tameside,-2.090763,53.501889
14540,Mobile at the Arcade,"High Street, Stalybridge, Cheshire",SK15 1UL,E05000810,Dukinfield Stalybridge,E08000008,Tameside,-2.06772,53.478587
14355,The New Life Church,"St James Street, Ashton-under-Lyne, Lancashire",OL6 6SF,E05000801,Ashton St Michael's,E08000008,Tameside,-2.076759,53.486116
14352,Parochial C.of E. Primary School,"Keppel Street, Ashton-under-Lyne, Lancashire",OL6 6NN,E05000801,Ashton St Michael's,E08000008,Tameside,-2.083861,53.488248
14497,Church of the Epiphany,"Merton Drive, Droylsden, Manchester",M43 6BH,E05000807,Droylsden East,E08000008,Tameside,-2.164396,53.479178
14560,St James' Catholic Primary School ( The Ark),"Cheriton Close, Hattersley, Hyde",SK14 3DQ,E05000811,Hyde Godley,E08000008,Tameside,-2.03226,53.450829
14349,Our Lady of Mount Carmel R.C. Primary School,"Main School Building, Holden Street, Ashton-under-Lyne, Lancashire",OL6 9JJ,E05000801,Ashton St Michael's,E08000008,Tameside,-2.084171,53.492859
14454,Manor Green Primary School,"Mancunian Road, Denton, Manchester",M34 7NS,E05000805,Denton South,E08000008,Tameside,-2.105868,53.441178
14485,The Redeemed Assemblies Trust,"Formerley St John`s Hall, Moorside Street, Droylsden, Manchester",M43 7HL,E05000807,Droylsden East,E08000008,Tameside,-2.136423,53.486843
14365,Charlestown Sunday School,"Alexandra Road, Ashton-under-Lyne, Lancashire",OL6 8LG,E05000816,St Peter's,E08000008,Tameside,-2.091694,53.493466
14492,Fairfield Community Centre,"Grove Street, Off Fairfield Road, Droylsden, Manchester",M43 6TB,E05000807,Droylsden East,E08000008,Tameside,-2.15334,53.476262
14450,St John Fisher R.C Primary School,"Manor Road, Denton, Manchester",M34 7SW,E05000805,Denton South,E08000008,Tameside,-2.095485,53.443047
14618,Arundale Primary and Nursery School,"Lowry Grove, Mottram, Hyde",SK14 6PW,E05000814,Longdendale,E08000008,Tameside,-2.021405,53.453537
14422,Hope United Reformed Church,"Stockport Road, Denton, Manchester",M34 6AB,E05000804,Denton North East,E08000008,Tameside,-2.113447,53.455112
14636,Stalybridge Fire Station,"Rassbottom Street, Stalybridge, Cheshire",SK15 1RF,E05000817,Stalybridge North,E08000008,Tameside,-2.063886,53.484325
4522,St Marys Church Hall,"Entwistle Avenue, Off Davyhulme Road, Davyhulme",M41 5TP,E05000827,Davyhulme West,E08000009,Trafford,-2.367594,53.455849
4489,Urmston Methodist Church Meeting Room,"George Street, Urmston",M41 9BA,E05000838,Urmston,E08000009,Trafford,-2.344275,53.447586
4440,Sharon Youth Centre,"Cornbrook Street, Old Trafford",M16 7WR,E05000825,Clifford,E08000009,Trafford,-2.259035,53.461707
4714,The Avenue Methodist Church,"Wincham Road, Sale",M33 4PL,E05000834,St Mary's,E08000009,Trafford,-2.342676,53.413551
4526,Woodhouse Primary School,"Nursery Road, Davyhulme",M41 7WW,E05000827,Davyhulme West,E08000009,Trafford,-2.369834,53.457137
4637,Stamford Park Primary School Nursery,"Oak Road, Hale",WA15 9JB,E05000831,Hale Central,E08000009,Trafford,-2.340502,53.382538
4517,Woodsend Library,"Woodsend Road, Flixton",M41 8GN,E05000827,Davyhulme West,E08000009,Trafford,-2.393504,53.455039
4691,Lostock Library,"Selby Road, Stretford",M32 9PB,E05000829,Gorse Hill,E08000009,Trafford,-2.331275,53.45458
4624,Little Heath Village Hall,"School Lane, Dunham Massey, Altrincham",WA14 4SE,E05000821,Bowdon,E08000009,Trafford,-2.391853,53.388609
4635,St Peters Assembly Rooms,"136 Cecil Road, Hale",WA15 9NU,E05000831,Hale Central,E08000009,Trafford,-2.344881,53.373725
4519,8TH Flixton Scout Group,"Woodsend Crescent Road, Flixton",M41 8AD,E05000827,Davyhulme West,E08000009,Trafford,-2.397246,53.449399
4553,St Georges Parish Hall,"Church Walk, Altrincham",WA14 4TT,E05000819,Altrincham,E08000009,Trafford,-2.352112,53.39027
4697,Well Green Lodge,"Wellfield Lane, Hale",WA15 8NW,E05000830,Hale Barns,E08000009,Trafford,-2.314384,53.38181
4560,Evangelical Church,"Devonshire Road, Altrincham",WA14 4EZ,E05000819,Altrincham,E08000009,Trafford,-2.354086,53.396152
4568,Altrincham Library,"2 Pott Street, Altrincham",WA14 1AH,E05000819,Altrincham,E08000009,Trafford,-2.352309,53.386942
4678,Sale Nomads,"Friars Road, Sale",M33 7UU,E05000833,Priory,E08000009,Trafford,-2.323908,53.422422
4448,St Johns Hall,"St Johns Road, Old Trafford",M16 7GX,E05000825,Clifford,E08000009,Trafford,-2.268164,53.457139
4609,Broomwood Community Centre,"Mainwood Road, Timperley",WA15 7JF,E05000839,Village,E08000009,Trafford,-2.305895,53.390874
4706,Ashton-Upon-Mersey United Reformed Church,"20 Whitefield Road, Sale",M33 6NZ,E05000820,Ashton upon Mersey,E08000009,Trafford,-2.32931,53.42824
4593,Park Road Academy Primary School,"Frieston Road, Timperley",WA14 5AP,E05000822,Broadheath,E08000009,Trafford,-2.340089,53.40608
4482,Moss Park Junior School,"Moss Park Road, Stretford",M32 9HR,E05000836,Stretford,E08000009,Trafford,-2.322583,53.448149
4570,Heyes Lane Primary School,"Crofton Avenue, Timperley",WA15 6BZ,E05000837,Timperley,E08000009,Trafford,-2.325453,53.406058
4472,St Matthews Hall - Horrocks Room,"Chapel Lane, Stretford",M32 9AJ,E05000836,Stretford,E08000009,Trafford,-2.311646,53.443362
4557,Oldfield Brow Primary School,"Taylor Road, Altrincham",WA14 4LE,E05000819,Altrincham,E08000009,Trafford,-2.377778,53.391774
4565,St Vincents Catholic Primary School,"Junior Department, Orchard Road, Altrincham",WA15 8EU,E05000819,Altrincham,E08000009,Trafford,-2.344485,53.389771
4614,St Lukes Church,"Vicarage Lane, Bowdon",WA14 3BJ,E05000821,Bowdon,E08000009,Trafford,-2.361832,53.371491
4661,St Francis Church Hall,"Budworth Road, Sale",M33 2RP,E05000835,Sale Moor,E08000009,Trafford,-2.297843,53.415739
4747,Christ Church,"Thorley Lane, Timperley",WA15 7AN,E05000830,Hale Barns,E08000009,Trafford,-2.316835,53.390046
4648,Brooklands Primary School,"Woodbourne Road, Sale",M33 3SY,E05000823,Brooklands,E08000009,Trafford,-2.326637,53.413426
4529,Davyhulme Primary School,"Canterbury Road, Davyhulme",M41 0RX,E05000826,Davyhulme East,E08000009,Trafford,-2.351148,53.453966
4549,Sale West Conference Centre,"Room 3, Manor Avenue, Sale",M33 5JX,E05000824,Bucklow-St Martins,E08000009,Trafford,-2.354017,53.425967
4598,2ND Timperley Scout HQ,"Heyes Drive, Timperley",WA15 6ED,E05000839,Village,E08000009,Trafford,-2.322666,53.401509
4573,Holy Cross Church Hall,"Park Road, Timperley",WA15 6QG,E05000837,Timperley,E08000009,Trafford,-2.332331,53.40266
4628,The Parish Room,"Bent Lane, Warburton",WA13 9TQ,E05000821,Bowdon,E08000009,Trafford,-2.445414,53.399028
4707,St Mary Magdalene with Sale West Community Church,"44 Moss Lane, Sale",M33 6GD,E05000820,Ashton upon Mersey,E08000009,Trafford,-2.33774,53.424738
4578,Altrincham United Reformed Church,"Woodlands Parkway, Timperley, Altrincham",WA15 7QT,E05000837,Timperley,E08000009,Trafford,-2.341551,53.39333
4460,Kings Road Primary School,"Kings Road, Firswood",M16 0GR,E05000832,Longford,E08000009,Trafford,-2.281652,53.453979
4682,Stretford Sports Village Chester Centre,"Great Stone Road, Stretford",M32 0ZS,E05000829,Gorse Hill,E08000009,Trafford,-2.292675,53.458331
4669,Sale Waterside,"1 Waterside, Sale",M33 7ZF,E05000833,Priory,E08000009,Trafford,-2.32,53.425111
4672,Sale Sports Club,"Clarendon Crescent, Sale",M33 2DE,E05000833,Priory,E08000009,Trafford,-2.305251,53.426838
4797,St Joseph`s Parish Centre,"Hope Road, Sale",M33 3BF,E05000833,Priory,E08000009,Trafford,-2.319997,53.422583
4576,Timperley Methodist Church,"Stockport Road, Timperley",WA15 7UG,E05000837,Timperley,E08000009,Trafford,-2.318906,53.397499
4643,The Life Centre,"235 Washway Road, Sale",M33 4BP,E05000823,Brooklands,E08000009,Trafford,-2.336595,53.415061
4684,Gorse Hill Studios,"Cavendish Road, Stretford",M32 0PS,E05000829,Gorse Hill,E08000009,Trafford,-2.300093,53.457413
4597,Mobile Polling Station Broadheath,"Corner of St Andrews Avenue, and Bridge Grove, Timperley",WA15 6LD,E05000822,Broadheath,E08000009,Trafford,-2.338426,53.399424
4468,Longford Park Special School,"74 Cromwell Road, Stretford",M32 8QJ,E05000832,Longford,E08000009,Trafford,-2.294365,53.447952
4507,Flixton Primary School,"Delamere Road, Flixton",M41 5QL,E05000828,Flixton,E08000009,Trafford,-2.378333,53.449209
4723,Carrington Lane Methodist Church,"34 Ennerdale Drive, Sale",M33 5NE,E05000820,Ashton upon Mersey,E08000009,Trafford,-2.34289,53.427016
4655,Sale Moor Community Centre,"Norris Road, Sale",M33 2TN,E05000823,Brooklands,E08000009,Trafford,-2.303598,53.414709
4585,Broadheath Community Hall,"160 Sinderland Road, Altrincham",WA14 5JQ,E05000822,Broadheath,E08000009,Trafford,-2.360126,53.404465
4452,Urmston Leisure Centre,"Bowfell Road, Urmston",M41 5RR,E05000828,Flixton,E08000009,Trafford,-2.370201,53.451021
4456,St Ann's Parish Centre,"Cross Street, Off Chester Road, Stretford",M32 8LF,E05000832,Longford,E08000009,Trafford,-2.303883,53.448297
4504,Shawe Hall Community Centre,"Church Road, Flixton",M41 6HJ,E05000828,Flixton,E08000009,Trafford,-2.37007,53.442682
4561,Altrincham Methodist Church,"Barrington Road, Altrincham",WA14 1HF,E05000819,Altrincham,E08000009,Trafford,-2.349286,53.390378
4538,Carrington Business Park,"Manchester Road, Carrington",M31 4DD,E05000824,Bucklow-St Martins,E08000009,Trafford,-2.400958,53.431219
4794,St Peter`s House,"233 Ashley Road, Hale",WA15 9SS,E05000831,Hale Central,E08000009,Trafford,-2.342116,53.375639
4647,Mobile Polling Station,"Eastway/Walton Road, Sale",M33 4ER,E05000823,Brooklands,E08000009,Trafford,-2.337878,53.408028
4651,Clubhouse Sale Football Club,"Heywood Road, Sale",M33 3WB,E05000823,Brooklands,E08000009,Trafford,-2.321895,53.416915
4606,St Johns Church Hall,"Brooklands Road, Sale",M33 3PB,E05000839,Village,E08000009,Trafford,-2.317693,53.408371
4658,Sale Moor Methodist Church,"Northenden Road, Sale Moor",M33 2PP,E05000835,Sale Moor,E08000009,Trafford,-2.293477,53.419597
4542,Our Lady of Lourdes Catholic Primary,"Lock Lane, Partington",M31 4PJ,E05000824,Bucklow-St Martins,E08000009,Trafford,-2.436427,53.418701
4694,All Saints Church,"Hale Road, Hale Barns",WA15 8SP,E05000830,Hale Barns,E08000009,Trafford,-2.314574,53.369134
4591,Woodheys Park Pavilion,"Kenmore Road/Woodhouse Lane, Sale",M33 4LP,E05000822,Broadheath,E08000009,Trafford,-2.355328,53.409919
4499,Unitarian Church Hall,"Queens Road, Urmston",M41 9HA,E05000838,Urmston,E08000009,Trafford,-2.352896,53.445009
4632,2ND Hale Scout HQ,"Lilac Road, Hale",WA15 8BJ,E05000831,Hale Central,E08000009,Trafford,-2.330278,53.380454
4545,Partington Community Centre,"Central Road, Partington",M31 4FL,E05000824,Bucklow-St Martins,E08000009,Trafford,-2.42617,53.417784
4493,Community Centre,"Humphrey Lane, Urmston",M41 9PT,E05000838,Urmston,E08000009,Trafford,-2.331202,53.45094
4479,Metros Sports and Social Club,"Moss Road, Stretford",M32 0AH,E05000836,Stretford,E08000009,Trafford,-2.310018,53.451213
4687,All Saints Church Hall,"Barton Road, Stretford",M32 9RL,E05000829,Gorse Hill,E08000009,Trafford,-2.322083,53.453689
4665,St Annes Church Hall,"Trinity Road, Sale",M33 3ED,E05000835,Sale Moor,E08000009,Trafford,-2.307114,53.420228
4486,Sevenways Methodist Church,"Barton Road, Stretford",M32 9RD,E05000836,Stretford,E08000009,Trafford,-2.316342,53.449228
4532,Christ Church Hall,"Lostock Road, Urmston",M41 0TD,E05000826,Davyhulme East,E08000009,Trafford,-2.346071,53.45737
4513,Flixton House,"Flixton Road, Flixton",M41 5GJ,E05000828,Flixton,E08000009,Trafford,-2.383185,53.446405
4581,St Albans Hall,"Lindsell Road, West Timperley, Altrincham",WA14 5NX,E05000822,Broadheath,E08000009,Trafford,-2.353799,53.40329
4445,Old Trafford Community Academy,"Malvern Street, Old Trafford",M15 4FL,E05000825,Clifford,E08000009,Trafford,-2.265141,53.465109
4464,Old Trafford Sports Barn,"St Hildas Road, Old Trafford",M16 9PQ,E05000832,Longford,E08000009,Trafford,-2.271909,53.461148
4718,Sale West Community Centre,"Newbury Avenue, Sale",M33 4QW,E05000834,St Mary's,E08000009,Trafford,-2.358027,53.419619
4621,Jubilee Centre,"The Firs, Bowdon",WA14 2TQ,E05000821,Bowdon,E08000009,Trafford,-2.362827,53.378931
4510,Flixton Cricket and Sports Club,"Lawrence Road, Flixton",M41 8UU,E05000828,Flixton,E08000009,Trafford,-2.386736,53.451167
4535,Our Lady and the English Martyrs Parish Centre,"Davyhulme Road, Urmston",M41 7DS,E05000826,Davyhulme East,E08000009,Trafford,-2.360543,53.457255
4496,Urmston Library,"34 Golden Way, Urmston",M41 0NA,E05000838,Urmston,E08000009,Trafford,-2.354722,53.449093
