name,type,address,postcode,telephone,website,area_name,area_code,lon,lat
Smile Dental Care Salford,Dentist,"390 Manchester Road East, Little Hulton, Salford",M38 9WH,1617903377,http://www.smile-dentalcare.co.uk,Salford,E0800006,-2.418753,53.529467
J. Sainsbury - Leigh,Dentist,"Atherleigh Way, Leigh",WN7 5SJ,1612070002,http://www.centrefordentistry.com,Wigan,E08000010,-2.527795,53.499416
Little Lever Dental Practice,Dentist,"100 High Street, Little Lever, Bolton",BL3 1LR,1204574908,NA,Bolton,E0800001,-2.368853,53.561055
Smy Life,Dentist,"Pall Mall, Manchester",M2 4DL,1618307300,NA,Manchester,E0800003,-2.243418,53.480445
Unidental,Dentist,"10 Vernon Street, Stockport",SK1 1TY,1614808040,NA,Stockport,E0800007,-2.156764,53.41233
Penny Meadow Dental Practice,Dentist,"53 Penny Meadow, Ashton Under Lyne",OL6 6HE,1613302419,http://www.pennymeadowdental.co.uk,Tameside,E0800008,-2.089079,53.489873
Ravat & Ray Dental Care (Bolton One),Dentist,"Bolton One, Moor Lane, Bolton",BL3 5BN,1204527769,http://www.ravatandray.com,Bolton,E0800001,-2.435246,53.573928
Mydentist - Manchester Road - Oldham,Dentist,"580 Manchester Road, Hollinwood, Oldham",OL9 7LS,1616811022,http://www.mydentist.co.uk,Oldham,E0800004,-2.143803,53.520731
Mydentist - Church Street - Westhoughton,Dentist,"60 Church Street, Westhoughton, Bolton",BL5 3RS,1942815769,http://www.mydentist.co.uk,Bolton,E0800001,-2.525015,53.550036
Mydentist - Crab Tree Lane - Manchester,Dentist,"17 Crab Tree Lane, Atherton, Manchester",M46 0AU,1942883103,http://www.mydentist.org.uk,Wigan,E08000010,-2.491323,53.52235
Mydentist - Parsonage Street - Bury,Dentist,"1-5 Parsonage Street, Bury",BL9 6BG,1617643993,http://www.mydentist.co.uk,Bury,E0800002,-2.28154,53.59657
Mydentist - Church Street - Eccles,Dentist,"107 Church Street, Eccles, Manchester",M30 0EJ,1617889815,http://www.mydentist.co.uk,Salford,E0800006,-2.338336,53.482659
Mydentist - Tonge Moor Road - Bolton,Dentist,"513 Tonge Moor Road, Bolton",BL2 3BG,1204596500,http://www.mydentist.co.uk,Bolton,E0800001,-2.411601,53.596123
Mydentist - St. Marys Place - Bury,Dentist,"2 St. Marys Place, Bury",BL9 0DZ,1617644151,http://www.idhgroup.co.uk,Bury,E0800002,-2.300288,53.591547
Queens Road Dental and Cosmetic Centre,Dentist,"337 Queens Road, Manchester",M8 0JL,1612051113,NA,Manchester,E0800003,-2.225528,53.50234
Mydentist - Standishgate - Wigan,Dentist,"100 Standishgate, Wigan",WN1 1XP,1942242620,http://www.idhgroup.co.uk,Wigan,E08000010,-2.628308,53.550802
Mydentist - Advanced Oral Health Centre - Red Rose - Wigan,Dentist,"50 New Market Street, Wigan",WN1 1SJ,1942242632,http://www.mydentist.co.uk,Wigan,E08000010,-2.631877,53.550202
Mydentist - Moor Road - Orrell,Dentist,"7 Moor Road, Orrell, Wigan",WN5 8ND,1942215091,http://www.mydentist.co.uk,Wigan,E08000010,-2.704943,53.53925
Mydentist - Atherton Road - Hindley,Dentist,"51 Atherton Road, Hindley, Wigan",WN2 3EA,1942258888,http://www.mydentist.co.uk,Wigan,E08000010,-2.57969,53.532885
Mydentist - High Street - Cheadle,Dentist,"19a High Street, Cheadle",SK8 1AX,1614911936,http://www.idhgroup.co.uk,Stockport,E0800007,-2.214146,53.394733
360 Dental Care Limited,Dentist,"6 Southern Street, Manchester",M3 4NJ,1618341e3,http://www.360dentalcare.co.uk,Manchester,E0800003,-2.2520539999999998,53.475591
Drake Dental Practice,Dentist,"113 Drake Street, Rochdale",OL16 1PZ,1706644717,NA,Rochdale,E0800005,-2.155723,53.612379
Levenshulme Dental Practice,Dentist,"773 Stockport Road, Levenshulme, Manchester",M19 3DL,1612251589,NA,Manchester,E0800003,-2.19101,53.446816
Kings Dental Centre,Dentist,"Unit 3 Garratt Way, Manchester",M18 8HE,1612208180,NA,Manchester,E0800003,-2.176031,53.461982
Spring Lane Dental Practice Limited,Dentist,"27 Spring Lane, Radcliffe, Manchester",M26 2TQ,1617248500,NA,Bury,E0800002,-2.32699,53.563083
Ainsworth Village Dental Practice,Dentist,"11 Church Street, Ainsworth, Bolton",BL2 5RA,1204382828,NA,Bury,E0800002,-2.35782,53.588135
Harwood Dental Care,Dentist,"21 Longsight, Harwood, Bolton",BL2 3HS,1204304568,http://www.harwooddentalcare.co.uk,Bolton,E0800001,-2.393855,53.60509
Mydentist - Morris Street - Manchester,Dentist,"Constable House, Morris Street, Withington, Manchester",M20 3HN,1614454749,http://www.mydentist.co.uk,Manchester,E0800003,-2.230465,53.434376
Langley Dental Practice (Rochdale),Dentist,"Croft Shifa Health Centre, Belfield Road, Rochdale",OL16 2UP,1616433703,http://www.langleydentalpractice.com,Rochdale,E0800005,-2.14084,53.622824
Hyde Dental Access Centre,Dentist,"46 Union Street, Hyde, Manchester",SK14 1NX,1613662420,NA,Tameside,E0800008,-2.075911,53.449973
Deeplish Dental Practice,Dentist,"1st Floor, Nye Bevan House, Maclure Road, Rochdale",OL11 1DN,1706261870,NA,Rochdale,E0800005,-2.154239,53.611617
Charlestown Dental Practice Limited,Dentist,"Charlestown Health Centre, Charlestown Road, Blackley, Manchester",M9 7ED,1617953065,NA,Manchester,E0800003,-2.186902,53.52264
M60 Dental Care,Dentist,"872 Hollins Road, Oldham",OL8 4SR,1616242167,http://www.M60dentalcare.co.uk,Oldham,E0800004,-2.138447,53.52018
Mydentist - Stevenson Square - Manchester,Dentist,"43-45 Lever Street, Manchester",M1 1FN,1612242532,http://www.mydentist.co.uk,Manchester,E0800003,-2.233154,53.483214
Links Associates Ashton Ltd,Dentist,"Dental Surgery, Pennymeadow, Ashton-under-Lyne",OL6 6HD,1613304124,NA,Tameside,E0800008,-2.089184,53.489361
Links Associates Salford Ltd,Dentist,"141 Leicester Road, Salford",M7 4HJ,1617207612,NA,Salford,E0800006,-2.250473,53.514101
Ashid Hussain and Asif Saleem,Dentist,"6-8 Market Place, Ramsbottom, Bury",BL0 9HT,1706488096,NA,Bury,E0800002,-2.317958,53.649008
372 Dental,Dentist,"372 Bury Road, Bolton",BL2 6DD,1204522581,http://www.372dental.co.uk,Bolton,E0800001,-2.402583,53.580433
Stockport Orthodontics,Dentist,"74 Macclesfield Road, Hazel Grove, Stockport",SK7 6DT,1625800333,http://www.stockportorthodontics.co.uk,Stockport,E0800007,-2.114114,53.366826
Ramsbottom Dental Surgery,Dentist,"72 Bridge Street, Ramsbottom, Bury",BL0 9AG,1706827755,http://www.ramsbottomdentalsurgery.co.uk,Bury,E0800002,-2.317878,53.648478
Tottington Dental Surgery,Dentist,"5 Back Chapel Street, Tottington, Bury",BL8 4AH,1204886881,NA,Bury,E0800002,-2.341179,53.615193
SimplyOne Dental,Dentist,"94 Henrietta Street, Ashton-under-Lyne",OL6 8NX,1613084129,NA,Tameside,E0800008,-2.092735,53.493807
Bennison Dental Practice,Dentist,"Dental Surgery, 401-405 Halliwell Road, Bolton",BL1 8DE,1204491946,http://www.andrewbennison.co.uk,Bolton,E0800001,-2.444339,53.594271
Smile Creator Dental Surgery,Dentist,"332-334 Norris Road, Sale",M33 2UG,1619699907,NA,Trafford,E0800009,-2.2994,53.414594
Brooklyn Court Dental Practice,Dentist,"390 Wilmslow Road, Withington, Manchester",M20 3NA,1614453647,NA,Manchester,E0800003,-2.224203,53.437041
Swan Dental Care,Dentist,"48 Higher Swan Lane, Bolton",BL3 3AT,1204657513,http://www.synergydental.org.uk,Bolton,E0800001,-2.441218,53.560145
530 Bolton Partnership,Dentist,"530 Chorley Old Road, Bolton",BL1 6AB,1204843196,NA,Bolton,E0800001,-2.461747,53.588938
"Bupa - Chorley Old Road, Bolton",Dentist,"530 Chorley Old Road, Bolton",BL1 6AB,1204843196,NA,Bolton,E0800001,-2.461747,53.588938
Bosden Farm Dental Practice,Dentist,"8 Fulmar Drive, Stockport",SK2 5JL,1614568716,http://www.bosdenfarmdentalpractice.co.uk,Stockport,E0800007,-2.109698,53.391036
Ethos Dental Care,Dentist,"126 Wellington Road North, Stockport",SK4 2LL,1614775142,http://www.ethosdental.co.uk,Stockport,E0800007,-2.16936,53.416629
One Dental,Dentist,"1 Milnrow Road, Rochdale",OL16 1UG,1706352319,NA,Rochdale,E0800005,-2.150936,53.613938
Mydentist - Heaton Moor Road - Stockport,Dentist,"162 Heaton Moor Road, Stockport",SK4 4HS,1614327400,http://www.idhdentiststockportheatonmoor.co.uk,Stockport,E0800007,-2.188975,53.419053
Ethos Dental Care Limited,Dentist,"126 Wellington Road North, Stockport",SK4 2LL,1614775142,http://www.ethosdental.co.uk,Stockport,E0800007,-2.16936,53.416629
Poppies Dental Care,Dentist,"24 Urmston Lane, Stretford, Manchester",M32 9BP,1618651633,NA,Trafford,E0800009,-2.315487,53.445617
Revive Dental Care - Ancoats,Dentist,"Old Mill Street, Manchester",M4 6EE,1617469029,http://www.revivedentalcare.co.uk,Manchester,E0800003,-2.219472,53.4829
Revive Dental Care - Ashton,Dentist,"193 Old Street, Ashton Under Lyne",OL6 7SR,1617891557,http://www.revivedentalcare.co.uk,Tameside,E0800008,-2.099981,53.485827
Revive Dental Care - Stockport,Dentist,"Kingsgate, Wellington Road North, Stockport",SK4 1LW,1614265684,NA,Stockport,E0800007,-2.165957,53.412533
Revive Dental Care - Manchester city centre,Dentist,"2 Bexley Square, Salford",M3 6BZ,1618345166,NA,Salford,E0800006,-2.258807,53.483621
Revive Dental Care - Circle OOH,Dentist,"10 Davyhulme Circle, Urmston, Manchester",M41 0SS,1617469029,http://www.revivedentalcare.co.uk,Trafford,E0800009,-2.356522,53.457445
Limes Dental Centre,Dentist,"2 Simpson Grove, Boothstown, Worsley, Manchester",M28 1LY,1617037773,http://www.limesdental.com,Salford,E0800006,-2.419883,53.503352
St Andrew's Dental Care,Dentist,"375 Ainsworth Road, Radcliffe, Manchester",M26 4HF,1617234274,NA,Bury,E0800002,-2.338975,53.574291
Freshdental,Dentist,"48 Wigan Road, Deane, Bolton",BL3 5PZ,120464028,http://www.freshdental.co.uk,Bolton,E0800001,-2.45326,53.570895
Walkden Dental Practice,Dentist,"10-12 Memorial Road, Walkden, Manchester",M28 3AQ,1617902314,http://www.walkdendentalpractice.co.uk,Salford,E0800006,-2.398022,53.522876
207 Dental Care,Dentist,"207 Deansgate, Manchester",M3 3NW,1618340606,http://www.207dentalcare.com,Manchester,E0800003,-2.249026,53.478751
Family Dental Practice,Dentist,"177a Princess Road, Moss Side, Manchester",M14 4RL,1612268432,NA,Manchester,E0800003,-2.244741,53.453818
Avalon Dental Care,Dentist,"283 Slade Lane, Levenshulme, Manchester",M19 2HR,1612244345,NA,Manchester,E0800003,-2.199921,53.43988
Poundswick Lane Dental Practice,Dentist,"18 Poundswick Lane, Wythenshawe, Manchester",M22 9TD,1614993141,NA,Manchester,E0800003,-2.260386,53.382146
Brownley Green Dental Practice,Dentist,"Brownley Green Health Centre, Benchill Court Road, Wythenshawe, Manchester",M22 4GA,1612092702,NA,Manchester,E0800003,-2.256686,53.391916
Bolton Road Dental Practice,Dentist,"265 Bolton Road, Radcliffe, Manchester",M26 3QP,1617247344,NA,Bury,E0800002,-2.343533,53.562632
Crescent Dental Care,Dentist,"2 Crescent Road, Hale, Altrincham",WA15 9NA,1619298111,http://www.crescentdentalcare-hale.co.uk,Trafford,E0800009,-2.343866,53.374573
Ash Villa Dental Practice,Dentist,"2 Harboro Way, Sale",M33 6QX,1619736890,http://www.ashvilladental.com,Trafford,E0800009,-2.3339,53.420586
Serenity Dental Spa,Dentist,"264 Barlow Moor Road, Chorlton, Manchester",M21 8HA,1618607e3,http://www.crystalcare.co.uk,Manchester,E0800003,-2.268652,53.43186
Mydentist - Borough Arcade - Hyde,Dentist,"1 Borough Arcade, Hyde",SK14 2AA,1204799799,http://www.mydentist.co.uk,Tameside,E0800008,-2.07995,53.451813
The Dental Care Centre,Dentist,"75 Market Street, Little Lever, Bolton",BL3 1HH,1204796795,http://www.gentlesmile.co.uk,Bolton,E0800001,-2.371957,53.562266
Monton Green Dental Practice,Dentist,"17 Monton Green, Eccles, Manchester",M30 9LE,1617888769,http://www.montongreendental.co.uk,Salford,E0800006,-2.354851,53.491822
Haughton Green Dental Practice,Dentist,"87 Haughton Green Road, Denton, Manchester",M34 7GR,1613206228,NA,Tameside,E0800008,-2.097754,53.441472
Cleggs Lane Dental Practice,Dentist,"34 Cleggs Lane, Little Hulton, Manchester",M38 9WT,1617906682,NA,Salford,E0800006,-2.422774,53.53179
Calm Dental Care,Dentist,"132c Flixton Road, Urmston, Manchester",M41 5BG,1617476841,http://www.calmdentalcare.co.uk,Trafford,E0800009,-2.362664,53.448267
Windsor Dental Practice,Dentist,"Belvedere Road, Salford",M6 5EQ,1617361397,http://www.windsordental.co.uk,Salford,E0800006,-2.279415,53.487107
Jeremy Cooper Dental Practice,Dentist,"11 Victoria Road, Salford",M6 8FZ,1617895917,http://www.drjeremycooperbdslondsalford.co.uk,Salford,E0800006,-2.326647,53.491149
Dr David End - Cheetham Street East Salford,Dentist,"263 Great Cheetham Street East, Salford",M7 4UF,1617921960,NA,Salford,E0800006,-2.254856,53.503162
The Dental Practice,Dentist,"569 Cheetham Hill Road, Manchester",M8 9JE,1617403e3,NA,Manchester,E0800003,-2.244998,53.51147
Church Lane Dental Practice,Dentist,"187 Church Lane, Harpurhey, Manchester",M9 4LY,1612051654,NA,Manchester,E0800003,-2.202169,53.507406
Mike Brown Dental,Dentist,"163 Drake Street, Rochdale",OL11 1EF,1706647746,NA,Rochdale,E0800005,-2.159499,53.61194
Littleborough Dental Practice,Dentist,"115 Featherstall Road, Littleborough",OL15 8JZ,1706376523,NA,Rochdale,E0800005,-2.106461,53.641858
Foxland Dental Surgery,Dentist,"42 Foxland Road, Gatley, Cheadle",SK8 4QB,1614910022,http://www.foxlanddental.co.uk,Stockport,E0800007,-2.230364,53.38779
Excel Dental Centre,Dentist,"1a Cheadle Road, Cheadle, Stockport",SK7 3DQ,1614281104,http://www.exceldental.co.uk,Stockport,E0800007,-2.164256,53.376808
Lotus Orthodontics,Dentist,"12a Market Street, Altrincham",WA14 1QB,NA,http://www.lotusorthodontics.com,Trafford,E0800009,-2.351254,53.388420000000004
Wood & Woolfstein Dental Practice,Dentist,"452 Barlow Moor Road, Chorlton, Manchester",M21 0BQ,1618812110,NA,Manchester,E0800003,-2.277668,53.443454
Circle Dental,Dentist,"16a The Circle, Barton Road, Stretford, Manchester",M32 9TR,1617482605,http://www.circledental.com,Trafford,E0800009,-2.336501,53.456569
Shevington Dental Practice,Dentist,"16 Gathurst Lane, Shevington, Wigan",WN6 8HA,1257252697,NA,Wigan,E08000010,-2.694238,53.571105
Mr Akeel Rahmatalla - Winton,Dentist,"1 Vaughan Street, Winton, Eccles, Manchester",M30 8DH,1617893808,NA,Salford,E0800006,-2.368096,53.49128
Green and Green Dental Surgery,Dentist,"100 Warrington Road, Newtown, Wigan",WN5 9AL,1942323939,NA,Wigan,E08000010,-2.652389,53.537445
Bolton Street Dental Practice,Dentist,"64 Bolton Street, Ramsbottom, Bury",BL0 9HX,1706825960,http://www.boltonstreetdental.co.uk,Bury,E0800002,-2.318941,53.647019
A R Dental,Dentist,"1 Albert Road, Cheadle Hulme, Cheadle",SK8 5DB,1614851193,NA,Stockport,E0800007,-2.193014,53.377358
Harpers Dental Practice,Dentist,"32 Bradford Street, The Haulgh, Bolton",BL2 1JJ,1204521140,http://www.harpersdentalpractice.org.uk,Bolton,E0800001,-2.417273,53.576751
Bromley Cross Dental Practice,Dentist,"227-229 Darwen Road, Bromley Cross, Bolton",BL7 9BS,1204308488,NA,Bolton,E0800001,-2.420162,53.615328
Ash Dental Practice,Dentist,"228-230 Liverpool Road, Eccles, Manchester",M30 0PF,1617890082,http://www.ashdental.co.uk,Salford,E0800006,-2.352501,53.482931
Kearsley Dental Care,Dentist,"25 Bolton Road, Kearsley, Bolton",BL4 8DB,1204573573,NA,Bolton,E0800001,-2.388475,53.544353
Haslam Park Dental Practice,Dentist,"208 Wigan Road, Bolton",BL3 5QE,1204654141,NA,Bolton,E0800001,-2.460819,53.568942
Bolton Orthodontic Centre,Dentist,"464 Manchester Road, Bolton",BL3 2NU,1204382242,NA,Bolton,E0800001,-2.413781,53.564054
406 Dental,Dentist,"406 Bury Old Road, Prestwich, Manchester",M25 1PZ,NA,http://www.406dental.com,Bury,E0800002,-2.269477,53.535937
Hind Dental Practice,Dentist,"1 Mesnes Park Terrace, Wigan",WN1 1SU,1942243339,NA,Wigan,E08000010,-2.633572,53.55049
Wood and Associates Dental Care Limited,Dentist,"673 Manchester Road, Denton, Manchester",M34 2NA,1613368036,NA,Tameside,E0800008,-2.149568,53.4574
Firwood Dental Practice,Dentist,"918 Middleton Road, Chadderton, Oldham",OL9 9SB,1616244297,http://www.firwooddental.co.uk,Oldham,E0800004,-2.160668,53.549157
Royton Health and Wellbeing Centre,Dentist,"Park Street, Royton, Oldham",OL2 6QW,1613624005,NA,Oldham,E0800004,-2.121594,53.566109
Elmfield Dental Practice,Dentist,"194 Stockport Road, Marple, Stockport",SK6 6DL,1614499740,NA,Stockport,E0800007,-2.072611,53.396107
Wallace Thomas Hobson & Emmett - Glebe Street,Dentist,"Dental Surgery, Glebe Street, Ashton Under Lyne",OL6 6HD,1613302351,NA,Tameside,E0800008,-2.089184,53.489361
Rosehill Dental Practice,Dentist,"301 Stockport Road, Marple, Stockport",SK6 6ES,1614272255,http://www.rosehilldentalpractice.co.uk,Stockport,E0800007,-2.082657,53.396164
Kinshuck Family Dentistry Limited,Dentist,"341 Ormskirk Road, Pemberton, Wigan",WN5 9DL,1942214605,http://www.famdentistry.co.uk,Wigan,E08000010,-2.663036,53.537108
East Road Care Limited,Dentist,"73 East Road, Longsight, Manchester",M12 5QY,1612245875,NA,Manchester,E0800003,-2.193587,53.453849
Lowton Dental Centre,Dentist,"7a Stone Cross Lane, Lowton, Warrington",WA3 2SA,1942722224,NA,Wigan,E08000010,-2.581607,53.474612
Hindley Dental Practice,Dentist,"1-3 Ladies Lane, Hindley, Wigan",WN2 2QA,1942255315,NA,Wigan,E08000010,-2.576461,53.538446
Pritchards Dental Practice Limited,Dentist,"20 Union Street, Oldham",OL1 1BE,1616787287,http://www.pritcharddental.co.uk,Oldham,E0800004,-2.114549,53.539593000000004
Simkins Dental Care,Dentist,"7 Lostock Road, Davyhulme, Manchester",M41 0SU,1617483378,NA,Trafford,E0800009,-2.35454,53.458028
The Blackley Dental Practice,Dentist,"371 Victoria Avenue, Blackley, Manchester",M9 8WQ,1617954547,http://www.pipdentalcare.com,Manchester,E0800003,-2.231243,53.533391
Revive Dental Care,Dentist,"72 Rocky Lane, Monton, Eccles, Manchester",M30 9LY,1617891557,http://www.revivedentalcare.co.uk,Salford,E0800006,-2.350298,53.495172
Pinfold Dental Practice Limited,Dentist,"34 Hattersley Road East, Hattersley, Hyde",SK14 3QJ,1613681390,NA,Tameside,E0800008,-2.029306,53.44639
Horwich Dental Care Centre Limited,Dentist,"517 Chorley New Road, Horwich, Bolton",BL6 6JT,8445769984,http://www.horwichdentalcare.net,Bolton,E0800001,-2.534953,53.590017
H M Forest Bank Prison,Dentist,"Forestbank, Swinton, Manchester",M27 8FB,1619257e3,NA,Salford,E0800006,-2.302093,53.514251
"Bupa - St Anns Square, Manchester",Dentist,"14 St Ann's Square, Manchester",M2 7HQ,1618342627,NA,Manchester,E0800003,-2.245837,53.482236
Hale Family Dental Centre,Dentist,"1a Cambridge Road, Hale, Altrincham",WA15 9SY,1619281380,http://www.halefamilydental.co.uk,Trafford,E0800009,-2.342935,53.376518
Bridgewater Dental Surgery,Dentist,"4 The Packet House & Boatsteps, Barton Road, Worsley, Manchester",M28 2PB,1617279119,http://www.bridgewaterdentalsurgery.com,Salford,E0800006,-2.381317,53.499895
The Cottage Dental Practice,Dentist,"38 Ack Lane West, Cheadle Hulme, Cheadle",SK8 7EL,1614858e3,NA,Stockport,E0800007,-2.182803,53.365734
Gary Knowles Dental Practice,Dentist,"Partington Health Centre, Central Road, Partington, Manchester",M31 4FL,1617759053,NA,Trafford,E0800009,-2.425053,53.417437
Dash Dental Care,Dentist,"76 Church Road, Northenden, Manchester",M22 4NW,1619983630,NA,Manchester,E0800003,-2.256131,53.407162
Mr E H Burke Surgery,Dentist,"265 London Road, Hazel Grove, Stockport",SK7 4PL,1614832099,NA,Stockport,E0800007,-2.118386,53.378947
Church Road Dental and Cosmetic,Dentist,"32 Church Road, Cheadle Hulme, Cheshire, Cheadle",SK8 7JB,1614860743,NA,Stockport,E0800007,-2.185722,53.366619
Birch Dental Practice Limited,Dentist,"2 Hythe Close, Rusholme, Manchester",M14 5AT,1612248127,NA,Manchester,E0800003,-2.221393,53.452336
The Square Advanced Dental Care,Dentist,"2 Hollins House, 327 Hale Road, Hale Barns, Altrincham",WA15 8TS,7921040842,http://www.thesquaredental.com,Trafford,E0800009,-2.312745,53.369473
Inglewood House Dental Practice,Dentist,"225 Bury New Road, Whitefield, Manchester",M45 8GW,1617664506,http://www.inglewood-house.co.uk,Bury,E0800002,-2.295923,53.550715
Ramsbottom Dental Care,Dentist,"9-11 Peel Brow, Ramsbottom, Bury",BL0 0AA,1706829201,NA,Bury,E0800002,-2.312381,53.647755
Wigan Dental Centre,Dentist,"44 Whelley, Whelley, Wigan",WN1 3PQ,1942826366,NA,Wigan,E08000010,-2.617943,53.551125999999996
Ashton Dental Practice,Dentist,"19 Wigan Road, Ashton-in-Makerfield, Wigan",WN4 9AR,1942271827,http://www.wecareforyoursmile.com,Wigan,E08000010,-2.637556,53.488211
The Dental Health Centre,Dentist,"1b School Lane, Didsbury, Manchester",M20 6RD,1614455459,http://www.didsburydentalhealth.com,Manchester,E0800003,-2.230962,53.417631
Mr John Booth - 4A Dental,Dentist,"4a Balderstone Road, Rochdale",OL11 2AJ,1706394470,NA,Rochdale,E0800005,-2.145694,53.596976
Horwich Dental Practice,Dentist,"19-21 Winter Hey Lane, Horwich, Bolton",BL6 7AD,NA,NA,Bolton,E0800001,-2.547054,53.599391
Grays Dental Care,Dentist,"62 Manchester Road, Altrincham",WA14 4PJ,1619281813,http://www.graysdental.co.uk,Trafford,E0800009,-2.35188,53.394981
Shaw Heath Family Dental Health Centre,Dentist,"212 Shaw Heath, Stockport",SK2 6QZ,1614298851,NA,Stockport,E0800007,-2.156921,53.397706
Mr C Carre BDS Dental Practice,Dentist,"Upper Unit 43, Stretford Mall, Manchester",M32 9BB,1618652431,NA,Trafford,E0800009,-2.310817,53.445206
KS Dental Sale Manchester,Dentist,"331 Washway Road, Sale",M33 4EE,1619732753,NA,Trafford,E0800009,-2.337966,53.413385
Langworthy Dental Practice,Dentist,"192 Langworthy Road, Salford",M6 5PP,1617362695,NA,Salford,E0800006,-2.294577,53.487206
Edgeley Dental Practice Limited,Dentist,"146 Grenville Street, Edgeley, Stockport",SK3 9ET,1614803083,NA,Stockport,E0800007,-2.170461,53.40238
Denuvo Dental,Dentist,"143 Lea Gate, Bolton",BL2 4BQ,1204593300,http://www.denuvodental.co.uk,Bolton,E0800001,-2.396245,53.605235
Oakley Dental,Dentist,"59 Bury Old Road, Prestwich, Manchester",M25 0FG,1617730111,http://www.oakleydental.co.uk,Bury,E0800002,-2.261372,53.520828
The Dental Practice - Wilbraham Road,Dentist,"135 Wilbraham Road, Fallowfield, Manchester",M14 7DS,1612247621,http://www.thedentalpracticefallowfield.com,Manchester,E0800003,-2.233932,53.443431
Boothstown Dental Practice,Dentist,"51 Leigh Road, Boothstown, Worsely, Manchester",M28 1HP,1617902830,NA,Salford,E0800006,-2.420855,53.502522
Collegiate Dental Practice,Dentist,"76 Brideoak Street, Cheetham Hill, Manchester",M8 0AB,1612051e3,NA,Manchester,E0800003,-2.241421,53.505581
The Sandy Lane Dental Practice,Dentist,"7 Sandy Lane, Chorlton-Cum-Hardy, Manchester",M21 8TL,1618816560,NA,Manchester,E0800003,-2.273708,53.438763
Dental Practice - Manchester Road,Dentist,"63 Manchester Road, Altrincham",WA14 4RH,1619282886,NA,Trafford,E0800009,-2.352566,53.396022
Broom Lane Dental Care,Dentist,"52 Broom Lane, Levenshulme, Manchester",M19 2TG,1614324477,NA,Manchester,E0800003,-2.185469,53.439687
Burton Dental Care,Dentist,"125 Burton Road, West Didsbury, Manchester",M20 1JP,1614380446,NA,Manchester,E0800003,-2.239063,53.429426
Saddleworth Dental Clinic,Dentist,"36 Oldham Road, Uppermill, Oldham",OL3 6HY,1457872108,NA,Oldham,E0800004,-2.009333,53.544537
Whalley Range Dental Practice,Dentist,"132 Withington Road, Whalley Range, Manchester",M16 8FB,1612269647,NA,Manchester,E0800003,-2.258096,53.450914
Park House Dental Practice Bury,Dentist,"311 Walmersley Road, Bury",BL9 5EZ,1617051746,NA,Bury,E0800002,-2.292723,53.609677
S Patel & Associates,Dentist,"112 Walmersley Road, Bury",BL9 6DX,1617648822,NA,Bury,E0800002,-2.289512,53.599735
Absolute Dental - Prestwich,Dentist,"111 Bury Old Road, Prestwich, Manchester",M25 0EQ,1617739922,NA,Bury,E0800002,-2.26406,53.523788
DHS Dental Practice - Phoenix Centre,Dentist,"The Phoenix Centre, 1 Church Street, Heywood",OL10 1LR,1706764334,NA,Rochdale,E0800005,-2.218662,53.592207
Greenwood Dental Practice,Dentist,"16 Greenwood Street, Altrincham",WA14 1RZ,1612330610,http://www.greenwooddental.co.uk,Trafford,E0800009,-2.352158,53.38672
"Vallance, Segal & Shupac - Failsworth",Dentist,"149 Lord Lane, Failsworth, Manchester",M35 0QH,1616815400,NA,Oldham,E0800004,-2.156717,53.501309
"Vallance, Segal & Shupac - Whitefield",Dentist,"55 Bury Old Road, Whitefield, Manchester",M45 6TB,1617732361,NA,Bury,E0800002,-2.283141,53.539645
The Dental Treatment Centre,Dentist,"436 Flixton Road, Flixton, Manchester",M41 6QT,1617482490,http://www.clickdentist.co.uk,Trafford,E0800009,-2.384388,53.44448
Standish Dental Practice,Dentist,"Rodenhurst, 59 Church Street, Standish, Wigan",WN6 0JJ,1257422114,NA,Wigan,E08000010,-2.662777,53.587166
Ocean Dental,Dentist,"169 Mauldeth Road, Manchester",M14 6SG,1612247135,NA,Manchester,E0800003,-2.209976,53.433508
Regent Dental Centre,Dentist,"22 Regent Road, Altrincham",WA14 1RP,1619412143,http://www.regentdentalcentre.co.uk,Trafford,E0800009,-2.352258,53.386045
H Showman & Associates Dental Practice,Dentist,"353 Oldham Road, Failsworth, Manchester",M35 0AN,1616824751,NA,Oldham,E0800004,-2.161181,53.509662
Heaton Mersey Orthodontic Centre,Dentist,"458 Didsbury Road, Heaton Mersey, Stockport",SK4 3BS,1619479900,http://www.hmorthoc.co.uk,Stockport,E0800007,-2.205509,53.412338
S D Walmsley Dental Practice,Dentist,"253 Manchester Road, Droylsden, Manchester",M43 6HE,1613702869,NA,Tameside,E0800008,-2.157046,53.480015
MIDHS at Beacon Business Centre,Dentist,"14 Arundel Street, Mossley, Ashton Under Lyne",OL5 0LS,1457838995,http://www.midhs.co.uk,Tameside,E0800008,-2.047107,53.518372
"Bupa - St Anns Square, Manchester",Dentist,"14 St Ann's Square, Manchester",M2 7HQ,1618342627,NA,Manchester,E0800003,-2.245837,53.482236
"Bupa - Buxton Road, Stockport",Dentist,"73 Buxton Road, High Lane, Stockport",SK6 8DR,1663764924,NA,Stockport,E0800007,-2.075293,53.364978
"Bupa - Stockport Road, Timperley",Dentist,"415 Stockport Road, Timperley, Altrincham",WA15 7XR,1619808010,NA,Trafford,E0800009,-2.315515,53.398597
Malt House Specialist Dental Centre,Dentist,"Deva Centre, Trinity Way, Salford",M3 7BD,1618329400,NA,Salford,E0800006,-2.254112,53.484728
The Bridge Dental Care,Dentist,"58 Town Street, Marple Bridge, Stockport",SK6 5AA,1614497080,NA,Stockport,E0800007,-2.053323,53.400594
Glen Maye Dental Practice,Dentist,"Sale Road, Northenden, Manchester",M23 0DF,1619985588,http://www.glenmayedental.co.uk,Manchester,E0800003,-2.271165,53.408153
Elli and Associates,Dentist,"Ashton Road Limited Company, 234 Ashton Road, Hathershaw, Oldham",OL8 1QN,1616285676,NA,Oldham,E0800004,-2.112559,53.529133
High Lane Partnership,Dentist,"73 Buxton Road, High Lane, Stockport",SK6 8DR,1454771570,NA,Stockport,E0800007,-2.075293,53.364978
Mydentist - King Street - Dukinfield,Dentist,"140 King Street, Dukinfield",SK16 4LG,1613301036,http://www.mydentist.co.uk,Tameside,E0800008,-2.092728,53.476936
GreenLane Dental Practice,Dentist,"96-98 Manchester Road, Leigh",WN7 2LD,1942260597,NA,Wigan,E08000010,-2.495535,53.494217
Church Street Dental Practice,Dentist,"52 Church Street, Orrell, Wigan",WN5 8TQ,1695625565,NA,Wigan,E08000010,-2.709831,53.531086
Malmin Dental Manchester,Dentist,"44-46 John Dalton Street, Manchester",M2 6LE,1612144800,http://www.malmin.co.uk,Manchester,E0800003,-2.24587,53.480186
North Road Dental Practice,Dentist,"6 North Road, Clayton, Manchester",M11 4WE,1612232145,NA,Manchester,E0800003,-2.178975,53.484855
Northenden House Orthodontics,Dentist,"Sale Road, Northenden, Manchester",M23 0DF,1619982622,http://www.manchesterorthodontics.co.uk,Manchester,E0800003,-2.271165,53.408153
61 Dental,Dentist,"61 Church Road, Gatley, Cheadle",SK8 4NG,1614282447,http://www.61dental.co.uk,Stockport,E0800007,-2.235845,53.39186
BramcoteDental Practice,Dentist,"3 Syddal Road, Bramhall, Stockport",SK7 1AB,1614394297,http://www.smiledoc.co.uk,Stockport,E0800007,-2.168202,53.35585
Mr Gehad Philobbos,Dentist,"756 Hollins Road, Oldham",OL8 4SA,1616823587,NA,Oldham,E0800004,-2.136126,53.520605
128 Dental Care,Dentist,"128 Mile End Lane, Stockport",SK2 6BY,1614832823,NA,Stockport,E0800007,-2.136339,53.394962
Ortho 2008 - Wigan,Dentist,"2-6 King Street, Wigan",WN1 1BS,1942821166,http://www.ortho2008.co.uk,Wigan,E08000010,-2.631644,53.544735
Mydentist - Gorton Road - Stockport,Dentist,"268 Gorton Road, Reddish, Stockport",SK5 6RN,1614329600,http://www.mydentist.co.uk,Stockport,E0800007,-2.157026,53.446056
Derby Street Dentist,Dentist,"288 Derby Street, Bolton",BL3 6LF,1204366954,NA,Bolton,E0800001,-2.442806,53.567653
G & L Askins - Lowton,Dentist,"71a Church Lane, Lowton, Warrington",WA3 2QZ,1942726494,NA,Wigan,E08000010,-2.575409,53.470858
"Bupa - Drake Street, Rochdale",Dentist,"121 Drake Street, Rochdale",OL16 1PZ,1706643203,http://www.rochdaledental.co.uk,Rochdale,E0800005,-2.155723,53.612379
"Bupa - Rochdale Road, Oldham",Dentist,"118 Rochdale Road, Royton, Oldham",OL2 6QF,1616242730,http://www.roytondental.co.uk,Oldham,E0800004,-2.123759,53.568066
"Bupa - Washway Road, Sale",Dentist,"23 Washway Road, Sale",M33 7AD,1619695513,http://www.haddonlodgedental.co.uk,Trafford,E0800009,-2.325507,53.424941
Oasis Dental Care - Stockport,Dentist,"99 Edgeley Road, Edgeley, Stockport",SK3 9NG,1614808828,http://www.stockportorthodontist.co.uk,Stockport,E0800007,-2.176511,53.399693
"Bupa - Bramhall Lane South, Bramhall",Dentist,"233 Bramhall Lane South, Bramhall, Stockport",SK7 3EP,1614392360,http://www.bramhallparkdental.co.uk,Stockport,E0800007,-2.162344,53.376037
"Bupa - Liverpool Road, Irlam",Dentist,"125 Liverpool Road, Irlam, Manchester",M44 6DP,1617752184,http://www.irlamdental.co.uk,Salford,E0800006,-2.417074,53.449107
"Bupa - Wilmslow Road, Withington",Dentist,"429 Wilmslow Road, Withington, Manchester",M20 4AF,1614453104,http://www.glynhousedental.co.uk,Manchester,E0800003,-2.226511,53.435104
Silverwell Dental Surgery,Dentist,"18 Silverwell Street, Bolton",BL1 1PP,1204533341,http://www.silverwell.co.uk,Bolton,E0800001,-2.425228,53.578079
Kingsway Dental Care,Dentist,"7 Lane End Road, Burnage, Manchester",M19 1WA,1614328741,NA,Manchester,E0800003,-2.212276,53.420911
Heaton Mersey Orthodontic Centre Limited,Dentist,"458 Didsbury Road, Heaton Mersey, Stockport",SK4 3BS,1619479900,http://www.hmorthoc.co.uk,Stockport,E0800007,-2.205509,53.412338
Lees Dental Centre,Dentist,"74 High Street, Lees, Oldham",OL4 5AA,1616338227,NA,Oldham,E0800004,-2.072191,53.537856
The Ivy Dental Practice,Dentist,"161 Wellington Road South, Stockport",SK1 3UA,1614802913,http://www.theivydentalpractice.co.uk,Stockport,E0800007,-2.156308,53.40231
Dental Surgery,Dentist,"295 Broadstone Road, Heaton Chapel, Stockport",SK4 5HQ,1614314524,NA,Stockport,E0800007,-2.173609,53.429368
Mydentist - Marple Road - Offerton,Dentist,"1 Marple Road, Offerton, Stockport",SK2 5EH,1614833898,http://www.mydentist.co.uk,Stockport,E0800007,-2.12902,53.400967
Pemberton Dental Practice,Dentist,"655 Ormskirk Road, Pemberton, Wigan",WN5 8AG,1942223815,NA,Wigan,E08000010,-2.677634,53.535677
Firswood Dental Practice,Dentist,"90-92 Warwick Road South, Firswood, Manchester",M16 0HU,NA,NA,Trafford,E0800009,-2.281641,53.452335
The Railway Road Dental Surgery,Dentist,"26 Railway Road, Leigh",WN7 4AU,1942673201,NA,Wigan,E08000010,-2.522088,53.497331
Freedom Dental,Dentist,"105 Station Road, Cheadle Hulme",SK8 7BG,1614866821,NA,Stockport,E0800007,-2.183013,53.372807
Mayfield Dental Care,Dentist,"3 Mayfield Street, Atherton",M46 0BF,1942877130,NA,Wigan,E08000010,-2.49295,53.523414
Sale Moor Dental Practice,Dentist,"15 Marsland Road, Sale",M33 3HP,1619629990,NA,Trafford,E0800009,-2.304805,53.41929
Didsbury Family Dental Care,Dentist,"121 School Lane, Didsbury, Manchester",M20 6HS,1614451010,NA,Manchester,E0800003,-2.221882,53.416255
Green Lane Dental Practice,Dentist,"46 Green Lane, Ashton-on-Mersey, Sale",M33 5PP,1619733802,NA,Trafford,E0800009,-2.341857,53.429643
Ascroft Medical,Doctors/GPs|Dentist|Doctors/GPs,"3 Ascroft Court, Peter Street, Oldham",OL1 1HP,NA,http://www.ascroftmedical.co.uk,Oldham,E0800004,-2.11304,53.540644
Bredbury Dental Practice Limited,Dentist,"219 George Lane, Bredbury, Stockport",SK6 1DJ,1614305999,NA,Stockport,E0800007,-2.101442,53.416722
Castle Street Dental Practice,Dentist,"136 Castle Street, Edgeley, Stockport",SK3 9JH,1614805068,http://www.castle-dentist.com,Stockport,E0800007,-2.170802,53.401238
Whitefield Dental Practice,Dentist,"118 Radcliffe New Road, Whitefield, Manchester",M45 7WQ,1617666164,http://www.whitefielddentalpractice.co.uk,Bury,E0800002,-2.309206,53.555263
Mydentist - Bedford Street - Leigh,Dentist,"3-5 Bedford Street, Leigh",WN7 1BX,1942673691,http://www.mydentist.co.uk,Wigan,E08000010,-2.513273,53.496495
Mydentist - Beal Lane - Oldham,Dentist,"12 Beal Lane, Shaw, Oldham",OL2 8PB,NA,http://www.mydentist.co.uk,Oldham,E0800004,-2.092314,53.577345
Mydentist - Victoria Street - Denton,Dentist,"2 Victoria Street, Denton, Manchester",M34 3JQ,NA,http://www.mydentist.co.uk,Tameside,E0800008,-2.114112,53.455759
Aligned Orthodontics,Dentist,"56 Chorley Road, Swinton, Manchester",M27 5AD,1617939802,NA,Salford,E0800006,-2.335368,53.509685
Mydentist - Reddish Road - Stockport,Dentist,"345 Reddish Road, Stockport",SK5 7EN,NA,http://www.mydentist.co.uk,Stockport,E0800007,-2.15663,53.43279
Mydentist - Bolton Road - Salford,Dentist,"371 Bolton Road, Irlam O'th' Heights, Salford",M6 7NJ,1617366411,http://www.mydentist.co.uk,Salford,E0800006,-2.308735,53.500671
Mydentist - King Street - Leigh,Dentist,"14 King Street, Leigh",WN7 4LR,NA,http://www.mydentist.co.uk,Wigan,E08000010,-2.519316,53.496388
Cahill Dental Care Centre,Dentist,"38 Higher Bridge Street, Bolton",BL1 2HA,1204895774,NA,Bolton,E0800001,-2.428633,53.583066
Arundel Dental Practice,Dentist,"33 Bramhall Lane South, Bramhall, Stockport",SK7 2DN,1614392048,http://www.arundeldentalpractice.co.uk,Stockport,E0800007,-2.165195,53.35927
Apollonia House Dental & Health Care,Dentist,"167 Mossley Road, Grasscroft, Oldham",OL4 4HA,1457821800,http://www.apolloniahouse.com,Oldham,E0800004,-2.033274,53.533873
Claremont Dental Surgery - Wigan,Dentist,"Mesnes Street, Wigan",WN1 1SS,1942242334,NA,Wigan,E08000010,-2.633033,53.550798
Mydentist - Ripponden Road - Oldham,Dentist,"177-187 Littlemoor Lane, Watersheddings, Oldham",OL4 2SF,NA,http://www.mydentist.co.uk,Oldham,E0800004,-2.085195,53.552093
Mydentist - Lees Road - Oldham,Dentist,"341 Lees Road, Oldham",OL4 1LR,NA,http://www.mydentist.co.uk,Oldham,E0800004,-2.088612,53.540163
Butterfly Dental Care Limited - Altrincham,Dentist,"17 Barrington Road, Altrincham",WA14 1HP,1619412048,NA,Trafford,E0800009,-2.348577,53.391872
Dentist On The Rock,Dentist,"26 The Rock, Bury",BL9 0NT,1612224840,http://www.dentistontherock.com,Bury,E0800002,-2.296616,53.593596
ICE Hospital and Postgraduate Training Centre,Dentist,"24 Furness Quay, Salford Quays, Manchester",M50 3XZ,8000141882,http://www.icedentalimplants.com,Salford,E0800006,-2.282982,53.472968
Charisma Clinic Ltd,Dentist,"6 Chepstow Drive, Hazel Grove, Stockport",SK7 4RY,1614835433,NA,Stockport,E0800007,-2.103709,53.377064
Droylsden Road Dental Practice,Dentist,"117 Droylsden Road, Newton Heath, Manchester",M40 1NT,1616826991,NA,Manchester,E0800003,-2.175662,53.499916
Dukinfield Dental Care,Dentist,"137 King Street, Dukinfield",SK16 4JZ,1613083763,NA,Tameside,E0800008,-2.093455,53.478589
Simply Smiles Manchester Limited,Dentist,"35 Holden Road, Higher Broughton, Salford",M7 4LR,1617926502,NA,Salford,E0800006,-2.265447,53.516433
Bryn Street Dental Clinic Limited,Dentist,"23 Bryn Street, Ashton-in-Makerfield, Wigan",WN4 9AX,1942727465,http://www.brynstreetdental.co.uk,Wigan,E08000010,-2.63928,53.487584
Mossley Dental Care,Dentist,"16 Lancaster Street, Mossley, Ashton Under Lyne",OL5 0PD,1457837361,http://www.mossleydental.co.uk,Tameside,E0800008,-2.046926,53.518265
Mydentist - Cross Street - Wigan,Dentist,"2 Cross Street, Hindley, Wigan",WN2 3AT,1942200600,http://www.mydentist.co.uk,Wigan,E08000010,-2.579601,53.53524
Dental Surgery,Dentist,"96 Union Street, Oldham",OL1 1DU,1616204343,NA,Oldham,E0800004,-2.10737,53.540975
Ellesmere Dental Practice,Dentist,"70 Ellesmere Road, Altrincham",WA14 1JD,1619291009,NA,Trafford,E0800009,-2.349202,53.394746
Endo 61 Limited - Gatley,Dentist,"61 Church Road, Gatley, Cheadle",SK8 4NG,1614957293,http://www.endo61.com,Stockport,E0800007,-2.235845,53.39186
Rokni Euro - Dental Practice,Dentist,"2A Copson Street, Withington, Manchester",M20 3HE,1614349129,NA,Manchester,E0800003,-2.229695,53.433705
Dental Surgery,Dentist,"555 Barlow Moor Road, Chorlton-cum-Hardy, Manchester",M21 8AN,1618811257,NA,Manchester,E0800003,-2.2761,53.440824
Market Street Dental Practice,Dentist,"28 Market Street, Wigan",WN1 1HX,1942243720,NA,Wigan,E08000010,-2.633606,53.547748
Platt Bridge Dental Practice,Dentist,"152 Walthew Lane, Platt Bridge, Wigan",WN2 5AW,1942865115,NA,Wigan,E08000010,-2.600357,53.522087
P V McCrory- The Dental Practice,Dentist,"58 Ainsworth Road, Radcliffe, Manchester",M26 4FA,1617259542,NA,Bury,E0800002,-2.334228,53.565786
Dr David Ian Llewellyn - Parrswood Road,Dentist,"162 Parrswood Road, Withington, Manchester",M20 4RQ,1614459033,NA,Manchester,E0800003,-2.216574,53.428597
The Dental Surgery,Dentist,"28 Delaunays Road, Crumpsall, Manchester",M8 4QS,1617402956,NA,Manchester,E0800003,-2.235291,53.517512
Stalybridge Dental Care,Dentist,"42 Acres Lane, Stalybridge",SK15 2JU,1613382341,http://www.stalybridgedentalcare.co.uk,Tameside,E0800008,-2.051828,53.482372
Peter Watson Dental Practice,Dentist,"4th Floor St John Chambers, 2 St John Street, Manchester",M3 4DA,1618345691,NA,Manchester,E0800003,-2.250301,53.477706
Synergy Dental Clinic,Dentist,"10 Tenterden Street, Bury",BL9 0EG,1617644366,http://www.synergydental.org.uk,Bury,E0800002,-2.300951,53.591266
Ravat and Ray Dental Care (Rumworth) Ltd,Dentist,"Rumworth House, 512 Wigan Road, Bolton",BL3 4QW,1204850285,http://www.ravatandray.com,Bolton,E0800001,-2.469641,53.565232
Ravat & Ray Dental Care (Wigan) Ltd,Dentist,"Pemberton Health Centre, Sherwood Drive, Wigan",WN5 9QX,1942481929,http://www.ravatandray.com,Wigan,E08000010,-2.669697,53.538479
Ravat & Ray Dental Care (Chadderton) Ltd,Dentist,"Fields New Road Primary Care Centre, Fields New Road, Oldham",OL9 8NH,1616336193,http://www.ravatandray.com,Oldham,E0800004,-2.145068,53.533205
W B Whittle,Dentist,"202/204 Tonge Moor Road, Bolton",BL2 2HN,1204521514,http://www.cosmeticdentistbolton.co.uk,Bolton,E0800001,-2.412144,53.589766
Bryn Dental Practice t/a Smiles R US Limited,Dentist,"8 Downall Green Road, Ashton-in-Makerfield, Wigan",WN4 0DH,1942275001,NA,Wigan,E08000010,-2.649133,53.501176
Mydentist - Platt Lane - Fallowfield,Dentist,"306 Platt Lane, Fallowfield, Manchester",M14 7BZ,1612242532,http://www.mydentist.co.uk,Manchester,E0800003,-2.237552,53.44719
Manchester Dental,Dentist,"154 Flixton Road, Urmston, Manchester",M41 5BG,1617482674,http://www.manchesterdental.co.uk,Trafford,E0800009,-2.362664,53.448267
Hyde Dental Practice Limited,Dentist,"203 Market Street, Hyde",SK14 1HF,1613682167,NA,Tameside,E0800008,-2.07562,53.44752
Mydentist - Park Road - Westhoughton,Dentist,"53 Park Road, Westhoughton, Bolton",BL5 3BX,1942812239,http://www.mydentist.co.uk,Bolton,E0800001,-2.518336,53.548105
Oakmount Dental Practice,Dentist,"628 Wilmslow Road, Manchester",M20 3QX,1614451211,http://www.oakdental.co.uk,Manchester,E0800003,-2.231705,53.424272
Glyn House Dental Partnership,Dentist,"429 Wilmslow Road, Withington, Manchester",M20 4AF,1614453104,NA,Manchester,E0800003,-2.226511,53.435104
Holly House Dental Practice,Dentist,"105 Hyde Road, Woodley, Stockport",SK6 1NB,1614948621,NA,Stockport,E0800007,-2.099991,53.426073
Corra Linn House Dental Practice,Dentist,"316b Buxton Road, Stockport",SK2 7DD,1614832816,NA,Stockport,E0800007,-2.136905,53.388526
Dr Pauline Gail Carmichael,Dentist,"7 Longsight Road, Holcombe Brook, Bury",BL0 9SL,1204886408,NA,Bury,E0800002,-2.333361,53.63205
Ravat & Ray Dental Care (Fitton Hill) Ltd,Dentist,"Ravat & Ray Dental Care, Tanhill Lane, Oldham",OL8 2QL,1616277065,http://www.ravatandray.com,Oldham,E0800004,-2.103488,53.520791
Concord Dental Practice,Dentist,"36 Concord Way, Dukinfield",SK16 4DB,1613305682,NA,Tameside,E0800008,-2.083416,53.476538
Openshaw Dental Practice,Dentist,"1333 Ashton Old Road, Openshaw, Manchester",M11 1JT,1613702213,NA,Manchester,E0800003,-2.161494,53.472998
The St John Street Surgery,Dentist,"14 St John Street, Manchester",M3 4DZ,1618349468,NA,Manchester,E0800003,-2.251027,53.477823
"Bupa - Chorley New Road, Bolton",Dentist,"40 Chorley New Road, Bolton",BL1 4AP,1204521734,http://www.boltondental.co.uk,Bolton,E0800001,-2.44329,53.582159
"Bupa - Northenden Road, Sale Moor",Dentist,"116 Northenden Road, Sale",M33 3HD,1619736356,http://www.salemoordentist.co.uk,Trafford,E0800009,-2.306545,53.420551
DCO Dental Group - Sale,Dentist,"1 Hope Road, Sale",M33 3AB,1619627465,http://www.dcodental.co.uk,Trafford,E0800009,-2.319176,53.423511
DCO Dental Group - Timperley,Dentist,"The Lakes Medical Centre, 53C Mainwood Road, Timperley, Altrincham",WA15 7JW,1619806745,http://www.dcodental.co.uk,Trafford,E0800009,-2.312943,53.392375
Marjory Lees Dental Centre,Dentist,"283 Ashton Road, Oldham",OL8 1NN,1616331234,NA,Oldham,E0800004,-2.11212,53.529203
Ayres Road Dental Surgery,Dentist,"151 Ayres Road, Old Trafford, Manchester",M16 9WR,1618721695,NA,Trafford,E0800009,-2.271872,53.457679
Peel Green Dental,Dentist,"419 Liverpool Road, Eccles, Manchester",M30 7HD,NA,NA,Salford,E0800006,-2.364325,53.478769
Cheadle Village Dental Practice,Dentist,"89B High Street, Cheadle",SK8 1AA,1614282355,NA,Stockport,E0800007,-2.216788,53.393935
Dental Lounge,Dentist,"47 Brown Lane, Heald Green, Cheadle",SK8 3RL,1614371250,http://www.thedental-lounge.com,Stockport,E0800007,-2.233667,53.373141
Ellesmere Endodontic Centre,Dentist,"70 Ellesmere Road, Altrincham",WA14 1JD,1619269535,NA,Trafford,E0800009,-2.349202,53.394746
Shine Dental Practice Limited,Dentist,"61 Stamford Square, Ashton Under Lyne",OL6 6QR,1613301178,http://www.shinedental.co.uk,Tameside,E0800008,-2.077121,53.486367
Delahays Dental Practice,Dentist,"2 Delahays Drive, Hale, Altrincham",WA15 8DP,1619805019,NA,Trafford,E0800009,-2.323197,53.376312
Campaigne Limited,Dentist,"159-161 Stockport Road, Cheadle",SK8 2DP,NA,http://www.cthedentist.com,Stockport,E0800007,-2.205095,53.395403
Alkrington Dental,Dentist,"64 Mount Road, Middleton, Manchester",M24 1DZ,1616530777,http://www.alkringtondental.co.uk,Rochdale,E0800005,-2.19656,53.543225
Moston Healthcare Limited (Formerly known as Mr Michael Fine - Moston Lane),Dentist,"334 Moston Lane, Moston, Manchester",M40 9JS,1616811033,NA,Manchester,E0800003,-2.194838,53.51369
Lartey Dental Clinic,Dentist,"563 Barlow Moor Road, Chorleton, Manchester",M21 8AE,1772252154,NA,Manchester,E0800003,-2.276661,53.441524
Hopwood Dental Practice,Dentist,"181 Manchester Road, Hopwood",OL10 2PP,1706369636,NA,Rochdale,E0800005,-2.2105070000000002,53.583281
Swinton Practice Limited,Dentist,"63 Chorley Road, Swinton, Manchester",M27 4AF,8448151368,NA,Salford,E0800006,-2.33372,53.509205
The Vallance Dental Centre,Dentist,"1st Floor, The Vallance Centre, Wadeson Road, Manchester",M13 9UJ,1612735998,NA,Manchester,E0800003,-2.224542,53.469786
HMP Manchester,Dentist,"Dental Department, 1 Southall Street, Manchester",M60 9AH,1612735998,NA,Manchester,E0800003,-2.245686,53.492188
Unsworth Smile Clinic,Dentist,"1st Floor, 57 Parr Lane, Unsworth, Bury",BL9 8JR,1617666661,NA,Bury,E0800002,-2.273074,53.560681
Sale Dental Care,Dentist,"77 Washway Road, Sale",M33 7TQ,1619697432,http://www.saledentalspa.co.uk,Trafford,E0800009,-2.329303,53.42158
Chadderton Dental Health Center - Oldham,Dentist,"Middleton Road, Chadderton, Oldham",OL9 0LH,1616267727,NA,Oldham,E0800004,-2.142182,53.545559
Dental Surgery Offerton Health Centre,Dentist,"10 Offerton Lane, Stockport",SK2 5AR,1614800327,NA,Stockport,E0800007,-2.136713,53.403467
Jct20 Dental Clinic,Dentist,"1190 Rochdale Road, Blackley, Manchester",M9 6FR,1617405407,http://www.jct20dentalclinic.co.uk,Manchester,E0800003,-2.207465,53.532825
Langley Dental Practice,Dentist,"215a Wood Street, Middleton, Manchester",M24 5RU,1616432428,http://www.langleydentalpractice.com,Rochdale,E0800005,-2.207706,53.554226
True Dentistry,Dentist,"177 Chorley New Road, Bolton",BL1 4QZ,1204373555,http://www.truedentistry.co.uk,Bolton,E0800001,-2.448472,53.580809
Chariwala Smile Limited,Dentist,"37 Victoria Road, Horwich, Bolton",BL6 5ND,7590928937,NA,Bolton,E0800001,-2.542583,53.595933
Chariwala Smile Limited,Dentist,"9 Marsden House, Marsden Road, Bolton",BL1 2JT,7590928937,NA,Bolton,E0800001,-2.43424,53.578947
Ravat and Ray Dental Care (Salford) Ltd,Dentist,"Ordsall Health Surgery, 118 Phoebe Street, Salford",M5 3PA,1618720606,http://www.ravatandray.com,Salford,E0800006,-2.275427,53.476322
Pracny & Strass,Dentist,"195 Finney Lane, Heald Green, Cheadle",SK8 3PX,1614374040,NA,Stockport,E0800007,-2.234085,53.369887
Cheadle Heath Dental Practice,Dentist,"242 Stockport Road, Cheadle Heath, Stockport",SK3 0LX,1614283024,NA,Stockport,E0800007,-2.192822,53.401322
Stephen Emmett's Dental Surgery,Dentist,"165 Chapman Street, Gorton, Manchester",M18 8LY,1612231888,NA,Manchester,E0800003,-2.169882,53.464456
The Dentists of Didsbury Limited,Dentist,"839 Wilmslow Road, Didsbury, Manchester",M20 5WD,1614454005,http://www.thedentistsofdidsbury.com,Manchester,E0800003,-2.221913,53.410619
Moston Dental Surgery,Dentist,"301 Moston Lane, Moston, Manchester",M40 9NL,1612034575,NA,Manchester,E0800003,-2.199381,53.514017
Kingswater Dental Practice,Dentist,"102 Denton Road, Audenshaw, Manchester",M34 5BD,1613363649,NA,Tameside,E0800008,-2.117553,53.464088
Dairyground Dental Practice,Dentist,"59A Dairyground Road, Bramhall, Stockport",SK7 2QW,1614393098,NA,Stockport,E0800007,-2.15709,53.365644
White House Dental Practice,Dentist,"11 Ack Lane East, Bramhall, Stockport",SK7 2BE,1614394842,NA,Stockport,E0800007,-2.167762,53.358655
Avenue Dental Surgery,Dentist,"4 The Avenue, Leigh",WN7 1ES,1942676336,NA,Wigan,E08000010,-2.517786,53.499354
The Fold,Dentist,"3 Back Pool Fold, Manchester",M2 1HB,7872906245,NA,Manchester,E0800003,-2.243879,53.481909
Allan Dental Practice,Dentist,"60 Stamford Street East, Ashton Under Lyne",OL6 6QH,1613303419,NA,Tameside,E0800008,-2.084569,53.487872
Manchester BabyScan Clinic,Dentist|Diagnosis/screening,"Waterhouse, 41 Spring Gardens, Manchester",M2 2BG,1617130030,http://www.manchesterbabyscanclinic.com,Manchester,E0800003,-2.241793,53.480754
Hale Bowden Dental Practice,Dentist,"118 Ashley Road, Hale, Altrincham",WA14 2UN,NA,NA,Trafford,E0800009,-2.349039,53.378531
Awburn House Dental Practice,Dentist,"Mottram Moor, Mottram, Hyde",SK14 6LA,1457766050,NA,Tameside,E0800008,-2.011,53.458105
Park House Dental Surgery Brinnington Health Centre,Dentist,"Brinnington Health Centre, Brinnington, Stockport",SK5 8BS,1616275242,NA,Stockport,E0800007,-2.132367,53.427651
Park House Dental Practice,Dentist,"80 Manchester Road, Werneth, Oldham",OL9 7AP,1616204213,NA,Oldham,E0800004,-2.132291,53.533975
Park House Dental Practice,Dentist,"74 Oldham Road, Springhead, Oldham",OL4 5SR,1616269246,NA,Oldham,E0800004,-2.063771,53.537788
The Park House Dental Practice and Cosmetic Centre,Dentist,"32 Middleton Road, Crumpsall, Manchester",M8 4JX,1617402080,NA,Manchester,E0800003,-2.248393,53.519561
The Park House Dental Practice and Cosmetic Centre,Dentist,"7 Slade Lane, Longsight, Manchester",M13 0QJ,1612573839,NA,Manchester,E0800003,-2.196561,53.452503
DHS Dental Practice,Dentist,"1 Bridge Street, Upper Mill, Oldham",OL3 6HZ,1457874872,NA,Oldham,E0800004,-2.007251,53.545931
Dental Care Plus Manchester,Dentist,"268 Finney Lane, Heald Green, Cheadle",SK8 3QD,1614379622,NA,Stockport,E0800007,-2.234718,53.370308
The Bank Dental Practice Limited,Dentist,"437 Bury New Road, Prestwich, Manchester",M25 1AF,1617989955,NA,Bury,E0800002,-2.284871,53.532082
Oldham Orthodontics,Dentist,"221 Hollins Road, Oldham",OL8 3AA,1616220987,http://www.oldhamorthodontics.co.uk,Oldham,E0800004,-2.12006,53.524793
Crescent Orthodontics & Dental Practice,Dentist,"107 Drake Street, Rochdale",OL16 1PZ,1706645125,http://www.rochdaleorthodontics.co.uk,Rochdale,E0800005,-2.155723,53.612379
Boothstown Dental Practice,Dentist,"51 Leigh Road, Boothstown Dental Practice, Manchester",M28 1HP,1617902830,NA,Salford,E0800006,-2.420855,53.502522
Barton Cosmetic Dentistry Centre,Dentist,"Barton Arcade, Deansgate, Manchester",M3 2BH,1618329559,NA,Manchester,E0800003,-2.246384,53.48265
Dale Street Dental Practice,Dentist,"36 Dale Street, Milnrow, Rochdale",OL16 4HS,1706641051,NA,Rochdale,E0800005,-2.111778,53.610424
Ringway Dental Care,Dentist,"187 Finney Lane, Heald Green, Cheadle",SK8 3PX,1614372029,NA,Stockport,E0800007,-2.234085,53.369887
Glodwick Dental Centre,Dentist,"12 Abbey Hills Road, Oldham",OL8 2BS,1616289567,NA,Oldham,E0800004,-2.096442,53.533828
Bamford Dental Practice,Dentist,"Norden Road, Bamford, Rochdale",OL11 5PT,1706527700,http://www.bamforddental.co.uk,Rochdale,E0800005,-2.206315,53.615745
Urban Dental,Dentist,"185 Langworthy Road, Salford",M6 5PW,1617374714,http://www.urbandental.co.uk,Salford,E0800006,-2.295174,53.486395
Littleton Road Dental Practice,Dentist,"311 Littleton Road, Salford",M7 3TA,1617089644,NA,Salford,E0800006,-2.280008,53.503968
Dental @ MediaCity,Dentist,"Blue, The Garage, Media City UK, Salford",M50 2TG,1617133655,http://www.dentalatmediacityuk.co.uk,Salford,E0800006,-2.301304,53.473283
Love-Teeth Dental Practice Ltd,Dentist,"3 Kings Road, Prestwich, Manchester",M25 0LE,1617737080,http://www.loveteethdp.co.uk,Bury,E0800002,-2.270288,53.518831
Milnrow Center OF Dental Excellence,Dentist,"107 Dale Street, Milnrow, Rochdale",OL16 3NW,1706710209,http://www.skexceldental.net,Rochdale,E0800005,-2.108328,53.608899
Fog Lane Dental Practice,Dentist,"3 Fog Lane, Manchester",M20 6AX,7849709620,NA,Manchester,E0800003,-2.229859,53.422298
Dental Surgery - Oldham Road,Dentist,"293 Oldham Road, Failsworth, Manchester",M35 0AS,7849709620,NA,Oldham,E0800004,-2.164162,53.508346
First Dental Care,Dentist,"22 Manchester Road, Denton, Manchester",M34 3LE,1613362710,http://www.firstdentalcare.co.uk,Tameside,E0800008,-2.115619,53.45635
Harmony Dental Spa,Dentist,"36 High Street, Lees, Oldham",OL4 5AQ,161629e6,NA,Oldham,E0800004,-2.074001,53.537854
Bury Dental Practice,Dentist,"434 Manchester Road, Bury",BL9 9NS,1617644960,NA,Bury,E0800002,-2.297108,53.57576
Heywood Dental Practice,Dentist,"6 Manchester Street, Heywood",OL10 1DL,1706369810,NA,Rochdale,E0800005,-2.213445,53.591174
Waterside Dental Care,Dentist,"330 Yorkshire Street, Rochdale",OL16 2DS,1706632661,NA,Rochdale,E0800005,-2.145874,53.622683
Mydentist - Market Street - Shaw,Dentist,"56 Market Street, Shaw, Oldham",OL2 8NH,1706843637,http://www.mydentist.co.uk,Oldham,E0800004,-2.093915,53.577083
G T Bennett,Dentist,"38 Durnford Street, Middleton, Manchester",M24 5UD,1616434932,NA,Rochdale,E0800005,-2.198084,53.552867
Polska Przychodnia,Doctors/GPs|Dentist|Doctors/GPs,"482-484 Liverpool Road, Eccles, Manchester",M30 7HZ,8442092149,NA,Salford,E0800006,-2.364765,53.478949
Bury Dental Centre,Dentist,"Brook House, 10a Wash Lane, Bury",BL9 6AS,1617611909,NA,Bury,E0800002,-2.286407,53.596461
Bury Smile Line,Dentist,"83 Bolton Street, Ramsbottom, Bury",BL0 9HY,1706822138,NA,Bury,E0800002,-2.318648,53.646274
Avenue Dental Surgery,Dentist,"4 The Avenue, Leigh",WN7 1ES,1942676336,NA,Wigan,E08000010,-2.517786,53.499354
Heyside Dental Practice Partnership,Dentist,"84 Heyside, Royton, Oldham",OL2 6LS,1706849392,NA,Oldham,E0800004,-2.101689,53.564141
Precision Dental Clinic,Dentist,"284 Adswood Road, Stockport",SK3 8PN,161419928,NA,Stockport,E0800007,-2.169912,53.389481
Salford Dental Practice,Dentist,"483 Liverpool Street, Salford",M6 5QQ,1617457972,NA,Salford,E0800006,-2.296843,53.483785
"Bupa - Wilbraham Road, Chorlton-cum-Hardy",Dentist,"513 Wilbraham Road, Manchester",M21 0UF,1618813599,NA,Manchester,E0800003,-2.271518,53.442318
Withington Dental Care,Dentist,"240 Mauldeth Road West, Withington, Manchester",M20 1BE,1614456e3,NA,Manchester,E0800003,-2.242872,53.440205
The Tooth Place,Dentist,"63-65 Yorkshire Street, Oldham",OL1 3SL,1616521205,NA,Oldham,E0800004,-2.109064,53.542376
The Dental Practice,Dentist,"135 Wilbraham Road, Manchester",M14 7DS,1612247621,http://www.thedentalpracticefallowfield.com,Manchester,E0800003,-2.233932,53.443431
Turret Orthodontics Practice,Dentist,"258 Washway road, Sale",M33 4RZ,1619733501,NA,Trafford,E0800009,-2.335899,53.416537
Bolton Road Dental Centre,Dentist,"1 Bolton Road, Bolton",BL4 8DB,NA,NA,Bolton,E0800001,-2.388475,53.544353
Worsley Dental Centre,Dentist,"383 Worsley Road, Swinton, Manchester",M27 0EJ,NA,NA,Salford,E0800006,-2.360769,53.503482
Marple Dental Practice,Dentist,"48A Stockport Road, Marple, Stockport",SK6 6AB,1614271366,NA,Stockport,E0800007,-2.064638,53.394852
New Cross Dental Surgery,Dentist,"50-52 Oldham Road, Ancoat, Manchester",M4 5EE,1612360458,NA,Manchester,E0800003,-2.230292,53.485684
300 Great Western Street,Dentist,"300 Great Western Street, Rusholme, Manchester",M14 4LP,1612262548,NA,Manchester,E0800003,-2.234152,53.456051
32 Whites,Dentist,"100-102 Church Lane, Marple, Stockport",SK6 7AR,NA,NA,Stockport,E0800007,-2.064335,53.39275
32 Whites - Church Lane,Dentist,"100-102 Church Lane, Marple, Stockport",SK6 7AR,NA,NA,Stockport,E0800007,-2.064335,53.39275
P & J  Noble Dental Practice,Dentist,"146 Chew Valley Road, Greenfield, Oldham",OL3 7DD,NA,NA,Oldham,E0800004,-2.00272,53.534057
Barrington Dental Care,Dentist,"23A Barrington Road, Altrincham",WA14 1HP,NA,NA,Trafford,E0800009,-2.348577,53.391872
Jackson's Dental Care,Dentist,"244 Huddersfield Road, Oldham",OL4 2RB,1616274914,NA,Oldham,E0800004,-2.08404,53.548121
KS Dental,Dentist,"55 Flixton Road, Urmston, Manchester",M41 5AN,1617484473,NA,Trafford,E0800009,-2.358598,53.44803
Dr S Hafiz's Dental Surgery,Dentist,"194 Oldham Road, Ashton Under Lyne",OL7 9AW,1613395426,NA,Tameside,E0800008,-2.101164,53.495014
Kissdental Flixton,Dentist,"157 Woodsend Road, Flixton, Manchester",M41 8GN,1617485250,http://www.kissdental.co.uk,Trafford,E0800009,-2.393504,53.455039
Kissdental Altrincham,Dentist,"2 New Street, Altrincham",WA14 2QS,1619281628,http://www.kissdental.co.uk,Trafford,E0800009,-2.354115,53.385292
Kissdental Manchester,Dentist,"13 Stanley Street, Manchester",M8 8SH,1618329477,http://www.kissdental.co.uk,Manchester,E0800003,-2.236925,53.494631
Griffin Dental Partnership LTD,Dentist,"1-3 Great Cheetham Street West, Salford",M7 2JB,7738839339,NA,Salford,E0800006,-2.268749,53.499698
Heaton Moor Dental,Dentist,"32 Heaton Moor Road, Stockport",SK4 4NX,7946582290,NA,Stockport,E0800007,-2.180393,53.424819
Staly Dental,Dentist,"2 Waterloo Road, Stalybridge",SK15 2AU,NA,NA,Tameside,E0800008,-2.059094,53.484668
"Bupa - Kenworthy Street, Stalybridge",Dentist,"1 Kenworthy Street, Stalybridge",SK15 2DX,1613038767,NA,Tameside,E0800008,-2.056601,53.479026
Timperley Village Dental Practice,Dentist,"273 Stockport Road, Timperley, Altrincham",WA15 7SP,1619803485,NA,Trafford,E0800009,-2.323207,53.395555
Kenworthy Street Partnership,Dentist,"1 Kenworthy Street, Stalybridge",SK15 2DX,1613038767,NA,Tameside,E0800008,-2.056601,53.479026
Simon Taylor Dental Practice,Dentist,"89 Bolton Road, Salford",M6 7HN,1617362493,NA,Salford,E0800006,-2.297326,53.49465
Stonemount Dental Surgery,Dentist,"35 Victoria Avenue, Manchester",M9 6RA,1617959e3,NA,Manchester,E0800003,-2.210347,53.532793
Wong Dental Surgery,Dentist,"35 Victoria Avenue, Manchester",M9 6RA,1617959e3,NA,Manchester,E0800003,-2.210347,53.532793
Parkside Dental Care,Dentist,"610 Liverpool Road, Irlam, Manchester",M44 5AA,1617778606,NA,Salford,E0800006,-2.429227,53.437334
Nicol Dental Practice,Dentist,"Turncroft Lane, Stockport",SK1 4AB,1614803822,NA,Stockport,E0800007,-2.146163,53.408974
Ocean Dental Manchester,Dentist,"32 Market Street, Boots, 2nd Floor, Manchester",M1 1PW,1616600200,http://www.odental.co.uk,Manchester,E0800003,-2.24239,53.482496
Brinnington Dental Practice,Dentist,"Brinnington Health Centre, Brinnington Road, Stockport",SK5 8BS,1614946445,NA,Stockport,E0800007,-2.132367,53.427651
Manor Dental Practice,Dentist,"216 Washway Road, Sale",M33 4RA,1619733501,NA,Trafford,E0800009,-2.332836,53.419231
Andrew Shelley and Simon Pope Dental Practice,Dentist,"117 Stockport Road, Denton, Manchester",M34 6DH,1613204230,NA,Tameside,E0800008,-2.111906,53.453019
MF Dental Littleborough,Dentist,"60-62 Church Street, Littleborough",OL15 8AU,1706370058,http://www.mfdental.co.uk,Rochdale,E0800005,-2.097829,53.643656
MF Dental Littleborough,Dentist,"60 -62 Church Street, Littleborough",OL15 8AU,1706370058,http://www.mfdental.co.uk,Rochdale,E0800005,-2.097829,53.643656
Church Street Dental Care,Dentist,"69 Church Street, Littleborough",OL15 8AB,1706379672,NA,Rochdale,E0800005,-2.097239,53.643468
York Street Dental Care,Dentist,"27 York Street, Heywood",OL10 4NN,1706360176,NA,Rochdale,E0800005,-2.217672,53.593638
Westpoint Dental Centre,Dentist,"160 Slade Lane, Manchester",M19 2AQ,NA,NA,Manchester,E0800003,-2.198071,53.446633
518 Dental,Dentist,"518 Bury Road, Rochdale",OL11 4DQ,1706527127,NA,Rochdale,E0800005,-2.188326,53.612662
Dental Surgery,Dentist,"272 St Helens Road, Bolton",BL3 3PZ,120461935,NA,Bolton,E0800001,-2.454998,53.561244
Maypole Dental & Implant Clinic,Dentist,"20 Middleton Road, Royton, Oldham",OL2 5PA,1616272184,NA,Oldham,E0800004,-2.122559,53.565004
DHS Dental Practice - Langley Clinic,Dentist,"Langley Clinic, Borrowdale Road, Middleton",M24 5QG,1616551334,NA,Rochdale,E0800005,-2.211846,53.558048
Deansgate Dental Practice,Dentist,"3 Deansgate, Radcliffe, Manchester",M26 2SH,1617258090,NA,Bury,E0800002,-2.324757,53.559581
Cheadle Smile Centre,Dentist,"145A Councillor Lane, Cheadle",SK8 2JE,1614287226,NA,Stockport,E0800007,-2.194159,53.391081
The Dental Practice,Dentist,"757 Blackburn Road, Sharples, Bolton",BL1 7JJ,1204306010,NA,Bolton,E0800001,-2.431654,53.606757
Claremont Dental Surgery,Dentist,"11 Claremont Road, Sale",M33 7DZ,1619690434,NA,Trafford,E0800009,-2.321359,53.425646
Meridian Dental Clinic,Dentist,"4 The Packet House, Barton Road, Worsley, Manchester",M28 2PB,7399839083,NA,Salford,E0800006,-2.381317,53.499895
Cheadle Dental Centre,Dentist,"12 Gatley Road, Cheadle",SK8 1PY,1612825921,NA,Stockport,E0800007,-2.219116,53.393446
Ravat & Ray Dental Care [Farnworth],Dentist,"Brackley House, Brackley Street, Farnworth, Bolton",BL4 9ES,12045731e3,NA,Bolton,E0800001,-2.397074,53.54706
Highfield Dental Practice Limited,Dentist,"Brackley House, Brackley Street, Farnworth, Bolton",BL4 9ES,1204705363,NA,Bolton,E0800001,-2.397074,53.54706
John A Gibb and Associates Dental Practice,Dentist,"66 Church Street, Heywood",OL10 1LJ,1706364200,NA,Rochdale,E0800005,-2.216382,53.592508
Fletcher Fosbrook Dental Surgery,Dentist,"42 Market Street, Heywood",OL10 4LY,1706624677,NA,Rochdale,E0800005,-2.22251,53.593829
M20 Dental,Dentist,"150-152 Burton Road, Manchester",M20 1LH,7771537908,NA,Manchester,E0800003,-2.241957,53.427658
The Dental Team,Dentist,"858 Chester Road, Stretford, Manchester",M32 0QJ,7969333461,NA,Trafford,E0800009,-2.297611,53.455685
"Ashton Primary Care Centre, Dental Department",Dentist,"193 Old Street, Ashton Under Lyne",OL6 7SR,1616220987,NA,Tameside,E0800008,-2.099981,53.485827
Deane Dental Practice,Dentist,"Unit 6a, The Vibe, Broughton Lane, Salford",M7 1US,1614782980,NA,Salford,E0800006,-2.261598,53.496316
Portway Dental Practice,Dentist,"40 Portway, Manchester",M22 1UB,1614372382,NA,Manchester,E0800003,-2.276472,53.37996
Parkfield Dental Practice,Dentist,"637 Wilmslow Road, Manchester",M20 6DF,1614452397,http://www.parkfield-dental.co.uk,Manchester,E0800003,-2.232053,53.421881
Longfield Lodge Dental,Dentist,"276 Liverpool Road, Cadishead, Manchester",M44 5DX,1617752211,NA,Salford,E0800006,-2.442294,53.42152
Showmans the Dentist,Dentist,"36 Queens Walk, The Precinct, Droylsden, Manchester",M43 7AD,1613707213,NA,Tameside,E0800008,-2.14606,53.480045
Dentistry@442 Limited,Dentist,"442 Birch Road, Wardle, Rochdale",OL12 9LH,1706372088,NA,Rochdale,E0800005,-2.132203,53.645681
Birchfields Family Dental Care,Dentist,"Longsight, Manchester",M13 0XQ,1612249813,NA,Manchester,E0800003,-2.209253,53.451738
Pearldent Dental Surgery,Dentist,"442 Buxton Road, Stockport",SK2 7JB,1614833408,NA,Stockport,E0800007,-2.130402,53.385685
Maple Road Dental Practice,Dentist,"11 Maple Road, Manchester",M23 9HN,1619730565,NA,Manchester,E0800003,-2.309653,53.407303
Brooklands Dental Surgery,Dentist,"203 Marsland Road, Sale",M33 3ND,1619620066,NA,Trafford,E0800009,-2.320468,53.417325
Archway Dental Practice,Dentist,"21 Radnor Street, Hulme, Manchester",M15 5RD,1612328403,NA,Manchester,E0800003,-2.246495,53.460251
SimplyOne Dental,Dentist,"36 Queens Walk, Droylsden, Manchester",M43 7AD,1613707213,NA,Tameside,E0800008,-2.14606,53.480045
Parkhill Healthcare Medical and Dental Surgery,Dentist,"501 Crompton Way, Bolton",BL1 8UP,1204770600,NA,Bolton,E0800001,-2.415226,53.597486
Manchester St Anns Square,Dentist,"14 St Anns Square, Manchester",M2 7HQ,1618342627,NA,Manchester,E0800003,-2.245837,53.482236
Parsonage Dental Practice,Dentist,"1B Parsonage Street, Hulme, Manchester",M15 5WD,1612277570,NA,Manchester,E0800003,-2.251229,53.460942
Park Dental Practice,Dentist,"191 Bury Old Road, Prestwich, Manchester",M25 1JF,7988163461,NA,Bury,E0800002,-2.266414,53.529183
K.L.M. Dental,Dentist,"Croft Shifa Health Centre, Belfield Road, Rochdale",OL16 2UP,7594170746,NA,Rochdale,E0800005,-2.14084,53.622824
Mile Lane Dental Practice,Dentist,"Mile Lane Health Centre, 80 Mile Lane, Bury",BL8 2JR,1617617550,http://www.milelanedentalpractice.co.uk,Bury,E0800002,-2.335248,53.587814
Horwich Dental Practice,Dentist,"19-21 Winter Hey Lane, Horwich, Bolton",BL6 7AD,1204468210,NA,Bolton,E0800001,-2.547054,53.599391
Dr I Saleem and Colleagues,Dentist,"566 Stockport Road, Longsight, Manchester",M12 4JJ,1612256944,NA,Manchester,E0800003,-2.200799,53.456858
City Centre Dentist,Dentist,"3rd Floor, 20 St Anns Square, Manchester",M2 7HG,1618341643,NA,Manchester,E0800003,-2.246198,53.48219
Re-Enhance Limited,Clinic|Dentist,"Progress House, 17 Cecil Road, Hale, Altrincham",WA15 9NZ,1619299530,NA,Trafford,E0800009,-2.346183,53.376688
Manchester Dental Practice,Dentist,"34 High Street, Manchester",M4 1QB,1618330704,NA,Manchester,E0800003,-2.238969,53.482789
City Centre Dentist,Dentist,"3rd Floor, 20 St Anns Square, Manchester",M2 7HG,1618341643,NA,Manchester,E0800003,-2.246198,53.48219
dental.care@62,Dentist,"62 Market Street, Marple, Stockport",SK6 7AD,1612210062,http://www.dentalcare62.com,Stockport,E0800007,-2.0639,53.393685
Denton Orthodontic Centre Limited,Dentist,"1 Walker Street, Denton, Manchester",M34 3LH,1613364075,http://www.dentonorthodontics.co.uk,Tameside,E0800008,-2.114989,53.457025
Gidlow Dental Surgery,Dentist,"328 Gidlow Lane, Wigan",WN6 7PJ,1942824167,NA,Wigan,E08000010,-2.64478,53.557009
Victoria Dental & Healthcare,Doctors/GPs|Dentist|Doctors/GPs,"109 Corporation Street, Manchester",M4 4DX,1618324153,NA,Manchester,E0800003,-2.23974,53.488227
Eye and Dental Clinic,Doctors/GPs|Dentist|Doctors/GPs,"110 Ainsworth Road, Bury",BL8 2RS,1612225730,NA,Bury,E0800002,-2.318773,53.592667
SimplyOne Dental Droylsden,Dentist,"36 Queens Walk, Droylsden, Manchester",M43 7AD,7050013222,http://www.simplyonedental.com,Tameside,E0800008,-2.14606,53.480045
Ashton-in-Makerfield,Dentist,"19 Wigan Road, Ashton-in-Makerfield, Wigan",WN4 9AR,1942271827,NA,Wigan,E08000010,-2.637556,53.488211
KS Dental Care Limited,Dentist,"331 Washway Road, Sale",M33 4EE,1619732753,NA,Trafford,E0800009,-2.337966,53.413385
Edenfield Dental Care,Dentist,"386 Edenfield Road, Rochdale",OL12 7NH,1706644301,NA,Rochdale,E0800005,-2.188087,53.622956
Hale Dental Clinic,Dentist,"163a Ashley Road, Hale, Altrincham",WA15 9SD,8456046448,NA,Trafford,E0800009,-2.346371,53.377613
S Ward Dental Practice,Dentist,"Stamford Road, Mossley, Ashton-under-lyne",OL5 0BA,1618338444,NA,Tameside,E0800008,-2.042293,53.516163
IMI Manchester,Dentist,"13 Stanley Street, Manchester",M8 8SH,1134408770,NA,Manchester,E0800003,-2.236925,53.494631
Knowsley Dental,Dentist,"37 Knowsley Street, Bury",BL9 0ST,1617641089,NA,Bury,E0800002,-2.300551,53.588497
Romiley Dental Practice,Dentist,"91 Compstall Road, Romiley, Stockport",SK6 4HT,NA,NA,Stockport,E0800007,-2.079925,53.414826
Dental Surgery,Dentist,"155 Kenyon Lane, Moston, Manchester",M40 9DJ,1617887757,NA,Manchester,E0800003,-2.193737,53.510277
Ashton Smile Clinic,Dentist,"16 The Gerard Centre, Gerard Street, Ashton-in-makerfield, Wigan",WN4 9AN,NA,NA,Wigan,E08000010,-2.636639,53.486373
Smilestylist - House of Fraser Manchester,Dentist,"98-116 Deansgate, Manchester",M3 2QG,7989356786,http://www.smilestylist.co.uk,Manchester,E0800003,-2.247346,53.482217
Burton Road Dental,Dentist,"148a Burton Road, Manchester",M20 1LH,1614457311,NA,Manchester,E0800003,-2.241957,53.427658
New Moston Dental Centre,Dentist,"209-211 Moston Lane East, Manchester",M40 3HY,1616812483,http://www.newmostondental.com,Manchester,E0800003,-2.167759,53.521994
Smiles Better,Dentist,"243 Bury New Road, Whitefield, Manchester",M45 8QP,1617962404,http://www.theuksmilecentre.co.uk,Bury,E0800002,-2.296823,53.55231
Middleton Bank Dental,Dentist,"1 Long Street, Middleton, Manchester",M24 6TE,7770629573,NA,Rochdale,E0800005,-2.198281,53.550142
Dental Surgery,Dentist,"Dental Surgery, 71 Sandy Lane, Prestwich, Manchester",M25 9PS,1617732762,NA,Bury,E0800002,-2.288298,53.523642
Whitefield Orthodontic Clinic,Dentist,"Orthodontic Practice, 208 Bury New Road, Whitefield, Manchester",M45 6GG,1617661366,NA,Bury,E0800002,-2.294282,53.549146
Deansgate Dental Practice,Dentist,"3-5 Deansgate, Manchester",M26 2SH,1617258090,http://www.deansgatedental.com,Bury,E0800002,-2.324757,53.559581
Withers & Ripley Dental Surgery,Dentist,"794 Bury Road, Breightment, Bolton",BL2 6PA,1204524046,NA,Bolton,E0800001,-2.385653,53.580678
214 Dental,Dentist,"214 Victoria Avenue, Manchester",M9 0RR,7873200422,NA,Manchester,E0800003,-2.224292,53.533802
Crescent Dental Care,Dentist,"2 Crescent Road, Hale, Altrincham",WA15 9NA,1619298111,http://www.crescentdentalcare-hale.co.uk,Trafford,E0800009,-2.343866,53.374573
Gartside Street Dental Lounge,Dentist,"74 Gartside Street, Manchester",M3 3EL,1616600200,NA,Manchester,E0800003,-2.253188,53.479281
M.A. Dental Care,Dentist,"394 Palatine Road, Manchester",M22 4FZ,783378919,NA,Manchester,E0800003,-2.258392,53.40782
Dental Surgery,Dentist,"401-405, Halliwell Road, Bolton",BL1 8DE,1204491946,http://www.andrewbennison.co.uk,Bolton,E0800001,-2.444339,53.594271
Middleton Bank Dental,Dentist,"1 Long Street, Middleton, Manchester",M24 6TE,NA,NA,Rochdale,E0800005,-2.198281,53.550142
Clarity Dental Clinic,Dentist,"7 Sandy Lane, Chorlton-Cum-Hardy, Manchester",M21 8TL,1618816560,http://www.claritydentalclinic.co.uk,Manchester,E0800003,-2.273708,53.438763
Brandlesholme Road Dental Practice,Dentist,"400 Brandlesholme Road, Bury",BL8 1HP,1617052882,NA,Bury,E0800002,-2.314626,53.6099
Hope Dental Practice,Dentist,"146 Eccles Old Road, Salford",M6 8QQ,8448565546,http://www.hopedentalpractice.co.uk,Salford,E0800006,-2.309912,53.49256
Atherton Dental Centre,Dentist,"52 Market Street, Atherton, Manchester",M46 0DP,1942889931,NA,Wigan,E08000010,-2.494505,53.523613
Cavendish Dental Surgery,Dentist,"117 Chester Road, Hazel Grove, Stockport",SK7 6HG,1625878750,NA,Stockport,E0800007,-2.123103,53.372713
Pendlebury Dental Centre,Dentist,"Dental Surgery, 661 Bolton Road, Pendlebury, Swinton, Manchester",M27 4EJ,1617943540,http://www.smartdentalcare.co.uk,Salford,E0800006,-2.330335,53.517691
Astley Dental Centre,Dentist,"396 Manchester Road, Astley, Tyldesley, Manchester",M29 7DY,1942882070,http://www.smartdentalcare.co.uk,Wigan,E08000010,-2.460604,53.499157
Trafford Dental Centre,Dentist,"86 Davyhulme Road East, Stretford, Manchester",M32 0DJ,1618654629,http://www.smartdentalcare.co.uk,Trafford,E0800009,-2.309059,53.451988
Mr Tariq Idrees - Carisbrook,Dentist,"6 Knowsley Road, Whitefield, Manchester",M45 6BF,1617664906,http://www.carisbrookdental.co.uk,Bury,E0800002,-2.293374,53.546541
The Heaton Mersey Dental Practice,Dentist,"418 Didsbury Road, Stockport",SK4 3BY,1614426869,NA,Stockport,E0800007,-2.202232,53.412883
Tyldesley Dental Centre,Dentist,"219 Elliott Street, Tyldesley, Manchester",M29 8DG,1942882151,NA,Wigan,E08000010,-2.463798,53.514191
Turncroft Dental Practice,Dentist,"30 Turncroft Lane, Offerton, Stockport",SK1 4AB,1614803822,NA,Stockport,E0800007,-2.146163,53.408974
Better Dental Ltd,Dentist,"758 Manchester Road, Rochdale",OL11 3AW,1706352348,NA,Rochdale,E0800005,-2.180229,53.592559
Synergy Dental Clinic,Dentist,"274 Blackburn Road, Bolton",BL1 8DT,1204522090,NA,Bolton,E0800001,-2.430727,53.592919
Kirkholt Dental Centre,Dentist,"6-7 The Strand, Kirkholt, Rochdale",OL11 2JG,1706352319,NA,Rochdale,E0800005,-2.156245,53.593988
Mydentist - St.Marys Place - Bury,Dentist,"2 St. Marys Place, Bury",BL9 0DZ,1617644151,http://www.mydentist.co.uk,Bury,E0800002,-2.300288,53.591547
MyDentist - Ripponden Road - Oldham,Dentist,"177 Littlemoor Lane, Oldham",OL4 2SF,1616248551,http://www.mydentist.co.uk,Oldham,E0800004,-2.085195,53.552093
MyDentist - Atherton Road - Hindley,Dentist,"51 Atherton Road, Hindley, Wigan",WN2 3EA,1942258888,http://www.mydentist.co.uk,Wigan,E08000010,-2.57969,53.532885
MyDentist - Crab Tree Lane - Manchester,Dentist,"17 Crab Tree Lane, Atherton, Manchester",M46 0AU,1942883103,http://www.mydentist.co.uk,Wigan,E08000010,-2.491323,53.52235
Mydentist -Advanced Oral Health Care - Red Rose - Wigan,Dentist,"50 New Market Street, Wigan",WN1 1SJ,1942242632,http://www.mydentist.co.uk,Wigan,E08000010,-2.631877,53.550202
Mydentist - Moor Road - Orrell,Dentist,"7 Moor Road, Orrell, Wigan",WN5 8ND,1942215091,http://www.mydentist.co.uk,Wigan,E08000010,-2.704943,53.53925
Mydentist - Manchester Road - Oldham,Dentist,"580 Manchester Road, Oldham",OL9 7LS,1616811022,http://www.mydentist.co.uk,Oldham,E0800004,-2.143803,53.520731
Mydentist - Church Street - Eccles,Dentist,"107 Church Street, Eccles, Manchester",M30 0EJ,1617889815,NA,Salford,E0800006,-2.338336,53.482659
Mydentist - High Street - Cheadle,Dentist,"19a, High Street, Cheadle",SK8 1AX,1614911936,NA,Stockport,E0800007,-2.214146,53.394733
Gatley Park Dental Practice,Dentist,"7 Northenden Road, Gatley, Cheadle",SK8 4EN,1614283484,NA,Stockport,E0800007,-2.235639,53.39267
Didsbury Dental Practice,Dentist,"90 Barlow Moor Road, Manchester",M20 2PN,1614450005,http://www.emergencydentistmanchester.com,Manchester,E0800003,-2.242719,53.421347
Mydentist - Heaton Moor Road  Stockport,Dentist,"162 Heaton Moor Road, Stockport",SK4 4HS,1614327400,http://www.mydentist.co.uk,Stockport,E0800007,-2.188975,53.419053
Mydentist - Standishgate - Wigan,Dentist,"100 Standishgate, Wigan",WN1 1XP,1942242620,http://www.mydentist.co.uk,Wigan,E08000010,-2.628308,53.550802
Mydentist - Lees Road - Oldham,Dentist,"341 Lees Road, Oldham",OL4 1LR,1616247817,NA,Oldham,E0800004,-2.088612,53.540163
Mydentist - Parsonage Street - Bury,Dentist,"1-5 Parsonage Street, Bury",BL9 6BG,1617643993,http://www.mydentist.co.uk,Bury,E0800002,-2.28154,53.59657
Mydentist - Market Street - Shaw,Dentist,"56 Market Street, Shaw, Oldham",OL2 8NH,1706843637,http://www.mydentist.co.uk,Oldham,E0800004,-2.093915,53.577083
Northern Orthodontics,Dentist,"193 Old Street, Ashton-under-lyne",OL6 7SR,NA,NA,Tameside,E0800008,-2.099981,53.485827
M Russell Dental Practice,Dentist,"329 Wellington Road North, Stockport",SK4 4QG,1614324768,NA,Stockport,E0800007,-2.178678,53.428964
Mandley Park Dental Practice,Dentist,"494 Great Cheetham Street East, Salford",M7 4TW,1617923783,NA,Salford,E0800006,-2.250986,53.506478
Croft Shifa Dental Practice,Dentist,"Croft Shifa Health Centre, Belfield Road, Rochdale",OL16 2UY,1706764738,NA,Rochdale,E0800005,-2.138254,53.622746
Long Lane Dental Practice,Dentist,"176 Wilmslow Road, Heald Green, Cheadle",SK8 3BG,1614371594,NA,Stockport,E0800007,-2.217195,53.370521
Talking Teeth Dental Practice,Dentist,"56 Ince Green Lane, Ince, Wigan",WN2 2AR,1942323058,NA,Wigan,E08000010,-2.606525,53.542178
Goose Green Dental,Dentist,"5 Goose Green, Altrincham",WA14 1DW,1619284882,NA,Trafford,E0800009,-2.350554,53.385457
Fusion Dental Practice,Dentist,"98 Mauldeth Road West, Withington, Manchester",M20 1AB,1614346239,NA,Manchester,E0800003,-2.232612,53.438724
Roch Valley Dental,Dentist,"23 Roch Valley Way, Rochdale",OL11 4PZ,1706524469,NA,Rochdale,E0800005,-2.173938,53.605199
Fogg & Whittingham Dental Surgeons,Dentist,"Dental Surgery, 117 Long Street, Middleton, Manchester",M24 6DL,1616432176,NA,Rochdale,E0800005,-2.197033,53.554038
Brooks Bar Dental Practice,Dentist,"176 Chorlton Road, Manchester",M16 7WW,1612262841,NA,Trafford,E0800009,-2.258524,53.459478
Stretford Road Dental Practice,Dentist,"13 Stretford Road, Urmston, Manchester",M41 9JY,1617475375,NA,Trafford,E0800009,-2.351459,53.445957
The Broadway Dental Practice,Dentist,"449 Broadway, Chadderton, Oldham",OL9 8AP,1616811187,NA,Oldham,E0800004,-2.157195,53.528606
Talking Teeth Dental Practice,Dentist,"6 Scot Lane, Aspull, Wigan",WN2 1YX,1942833595,NA,Wigan,E08000010,-2.58361,53.570015
Bamford Dental Practice,Dentist,"Norden Road, Bamford, Rochdale",OL11 5PT,1706860831,http://www.bamforddental.co.uk,Rochdale,E0800005,-2.206315,53.615745
High Street Smiles - Golborne,Dentist,"107-109 High Street, Golborne, Warrington",WA3 3BZ,1942726983,http://www.highstreetsmiles.com,Wigan,E08000010,-2.596079,53.477399
Dental Hospital Manchester,Clinic|Dentist,"University Dental Hospital Of Manchester, Higher Cambridge Street, Manchester",M15 6FH,1613937730,http://www.cmft.nhs.uk,Manchester,E0800003,-2.236704,53.465385
Wythenshawe Hospital,Hospital|Blood and transplant service|Dentist|Rehabilitation (illness/injury)|Urgent care centres,"Southmoor Road, Manchester",M23 9LT,1619987070,http://www.uhsm.nhs.uk/,Manchester,E0800003,-2.293183,53.387922
The Cornerstone Centre,Community services - Healthcare|Dentist,"Dental Department, 2 Graham Street, Manchester",M11 3AA,1612302200,http://www.cmft.nhs.uk,Manchester,E0800003,-2.195097,53.474422
Longsight Health Centre,Community services - Healthcare|Dentist,"Dental Department, 526-528 Stockport Road, Manchester",M13 0RR,1612259274,http://www.cmft.nhs.uk,Manchester,E0800003,-2.201887,53.457584
Moss Side Health Centre,Community services - Healthcare|Dentist,"Dental Department, Monton Street, Manchester",M14 4GP,1612265031,http://www.cmft.nhs.uk,Manchester,E0800003,-2.23745,53.45875
Withington Community Clinic,Community services - Healthcare|Dentist,"Dental Department, 535 Wilmslow Road, Manchester",M20 4BA,1614451555,http://www.cmft.nhs.uk,Manchester,E0800003,-2.228386,53.431029
Wythenshawe Forum,Community services - Healthcare|Dentist,"Dental Department, Forum Square, Wythenshawe, Manchester",M22 5RX,1614353695,http://www.cmft.nhs.uk,Manchester,E0800003,-2.265017,53.379925
Newton Heath Health Centre,Community services - Healthcare|Dentist,"Dental Department, 2 Old Church Street, Manchester",M40 2JF,1616811353,http://www.cmft.nhs.uk,Manchester,E0800003,-2.181199,53.500995
Harpurhey Health Clinic,Community services - Healthcare|Dentist,"Dental Department, 1 Church Lane, Manchester",M9 4BE,1618614200,http://www.cmft.nhs.uk,Manchester,E0800003,-2.213622,53.512042
Brownley Green Health Centre,Community services - Healthcare|Dentist,"Dental Department, Brownley Road, Manchester",M22 4GA,1612092600,http://www.cmft.nhs.uk,Manchester,E0800003,-2.256686,53.391916
Plant Hill Clinic,Community services - Healthcare|Dentist,"Dental Department, Plant Hill Road, Manchester",M9 8LX,1617408004,http://www.cmft.nhs.uk,Manchester,E0800003,-2.225566,53.526885
Pendleton Gateway,Community services - Healthcare|Dentist|Long-term conditions,"1 Broadwalk, Salford",M6 5FX,NA,NA,Salford,E0800006,-2.284742,53.488361
Walkden Gateway,Community services - Healthcare|Dentist|Long-term conditions,"2 Smith Street, Walkden, Salford",M28 3EZ,NA,http://www.srht.nhs.uk,Salford,E0800006,-2.398541,53.524898
Eccles Gateway,Community services - Healthcare|Dentist|Long-term conditions,"28 Barton Lane, Eccles, Manchester",M30 0TU,NA,http://www.srht.nhs.uk,Salford,E0800006,-2.339314,53.48253
Barton Moss Secure Childrens Home,Dentist,"Barton Moss Secure Care Centre, Barton Moss Road, Chat Moss, Eccles, Manchester",M30 7RL,1616865900,http://www.srft.nhs.uk,Salford,E0800006,-2.39687,53.468834
Community Dental Department,Dentist,"1st Floor, Orsdall Health Surgery, 118 Phoebe Street, Salford",M5 3PH,1612124755,NA,Salford,E0800006,-2.280971,53.473981
Walk in Centre,Community services - Healthcare|Dentist|Diagnosis/screening|Community services - Mental Health|Rehabilitation (illness/injury)|Community services - Substance abuse|Urgent care centres,"Levers Chambers Centre for Health, Ashburner Street, Bolton",BL1 1SQ,1204462787,http://www.boltonhospitals.nhs.uk,Bolton,E0800001,-2.431198,53.576864
Moorgate Primary Care Centre,Community services - Healthcare|Dentist|Urgent care centres,"22 Derby Way, Bury",BL9 0NJ,1616043e3,http://www.penninecare.nhs.uk,Bury,E0800002,-2.288591,53.59553
Radcliffe Primary Care Centre,Dentist,"69 Church Street West, Radcliffe, Manchester",M26 2SP,1614479866,NA,Bury,E0800002,-2.323706,53.560143
Integrated Care Centre,Dentist,"New Radcliffe Street, Oldham",OL1 1NL,NA,NA,Oldham,E0800004,-2.116945,53.543824
Nye Bevan House,Dentist,"Nye Bevan, Maclure Road, Rochdale",OL11 1DN,1706261830,NA,Rochdale,E0800005,-2.154239,53.611617
Phoenix Centre,Dentist,"Church Street, Heywood",OL10 1LR,1706261952,NA,Rochdale,E0800005,-2.218662,53.592207
Whitehall Street Clinic,Dentist,"Whitehall Street, Rochdale",OL12 0ND,1706764766,NA,Rochdale,E0800005,-2.158351,53.623808
HMP Buckley Hall,Dentist,"Buckley Hall Road, Rochdale",OL12 9DP,1706514300,NA,Rochdale,E0800005,-2.145054,53.634962
Bridgewater CHCFT Leigh Walk In Centre,Community services - Healthcare|Doctors/GPs|Dentist|Doctors/GPs|Urgent care centres,"Leigh Health Centre, The Avenue, Leigh",WN7 1HR,1942483453,NA,Wigan,E08000010,-2.511455,53.503236
Bridgewater CHCFT Bevan House,Community services - Healthcare|Doctors/GPs|Dentist|Doctors/GPs|Community services - Learning disabilities|Rehabilitation (illness/injury),"17 Beecham Court, Pemberton Business Park, Smithy Brook Road, Wigan",WN3 6PR,1942482630,NA,Wigan,E08000010,-2.658337,53.528915
Bridgewater CHCFT Prestwich Dental Clinic,Dentist,"Prestwich Hospital, Bury New Road, Prestwich, Manchester",M25 3BL,1617723879,NA,Bury,E0800002,-2.291465,53.536749
Bridgewater CHCFT HMP/YOI Hindley,Dentist|Prison healthcare,"Gibson Street, Bickershaw, Wigan",WN2 5TH,NA,NA,Wigan,E08000010,-2.576949,53.517752
